age,education,years_experience,position_level,salary_gap
1.0667561633762666,0.6608968255828068,1.4696802327750442,-1.151927026752948,0.9824983096186869
-1.81593576587952,0.6608968255828068,-0.9621385829380955,-1.151927026752948,-0.5248609506747586
0.10585885362433772,2.1070605577114874,0.6271603281185233,-1.151927026752948,-0.24253219376814286
-1.0952627835655735,-0.7852669065458737,-0.8281013253791035,-0.1911872212876034,-0.10217358142383995
0.9866813875636059,0.6608968255828068,0.9622534720160032,0.7695525841777412,0.8519613408173369
-0.4546645770642875,-0.7852669065458737,0.08143720805691326,-0.1911872212876034,-0.4723051966992967
0.025784077811676978,-0.7852669065458737,-0.48343409165598145,1.7302923896430857,0.7124673282671025
-1.3354871110035558,2.1070605577114874,-1.0674535710201607,-1.151927026752948,-0.9615539502293412
0.9866813875636059,-0.7852669065458737,0.3686599028261817,0.7695525841777412,1.162933822317996
0.10585885362433772,-0.7852669065458737,0.11015947753384017,-0.1911872212876034,-0.8611137884428915
1.0667561633762666,-0.7852669065458737,0.6654566874210927,1.7302923896430857,0.13735936119991615
-0.294515025438966,-0.7852669065458737,0.4548267112569621,-0.1911872212876034,-0.5646071529859352
0.18593362943699845,-0.7852669065458737,0.5984380586415964,-1.151927026752948,0.32711869202028243
-1.6557862142541986,0.6608968255828068,-0.9142681338098841,-0.1911872212876034,0.40579187256166127
1.3870552666269096,-0.7852669065458737,2.6664414609803293,1.7302923896430857,0.3573270103321509
0.10585885362433772,-0.7852669065458737,0.23462264526718973,-1.151927026752948,-0.18913205031749422
0.2660084052496592,0.6608968255828068,0.6463085077698077,0.7695525841777412,-0.1040444513946207
0.9866813875636059,0.6608968255828068,2.139866520570004,-0.1911872212876034,-0.6293914208683227
1.0667561633762666,-0.7852669065458737,1.603717490334036,1.7302923896430857,0.9363109445192698
0.5863075085003022,-0.7852669065458737,-0.5217304509585505,0.7695525841777412,1.1162761041720692
-1.495636662628877,-0.7852669065458737,-0.6557677085175425,-0.1911872212876034,0.2703237880574767
-0.294515025438966,-0.7852669065458737,0.46440080108260456,-0.1911872212876034,0.08550718210828215
0.8265318359382844,0.6608968255828068,-0.03345186985079406,0.7695525841777412,1.3815853171787655
0.34608318106231994,-0.7852669065458737,0.4931230705595315,-1.151927026752948,-1.0471890657854663
1.3069804908142488,-0.7852669065458737,0.3399376333492548,-1.151927026752948,-1.211123476714387
-1.6557862142541986,0.6608968255828068,-1.1248981099740143,-0.1911872212876034,-0.43851446230125857
0.7464570601256236,-0.7852669065458737,1.4505320531237598,-0.1911872212876034,-0.9393192707045099
1.4671300424395703,-0.7852669065458737,0.7707716755031575,-0.1911872212876034,-0.04771790191718595
0.025784077811676978,0.6608968255828068,0.5888639688159543,0.7695525841777412,-0.273775381235052
0.5062327326876415,-0.7852669065458737,-0.1387668579328593,0.7695525841777412,-0.3744608263461443
1.547204818252231,-0.7852669065458737,0.14845583683640917,-1.151927026752948,-1.4531045485700118
-0.6948889045022697,0.6608968255828068,0.023992669103059597,0.7695525841777412,0.4080163426555972
-0.1343654738136445,-0.7852669065458737,0.3495117231748972,1.7302923896430857,0.912701183098084
-1.255412335190895,2.1070605577114874,-0.5600268102611197,-0.1911872212876034,-0.5488543431740955
0.9866813875636059,2.1070605577114874,2.08242198161615,1.7302923896430857,0.8014393714220575
-1.5757114384415378,-0.7852669065458737,-1.2397871878817217,1.7302923896430857,-0.4632925303808226
-0.1343654738136445,-0.7852669065458737,0.1580299266620516,-1.151927026752948,-0.39427541336744587
-0.4546645770642875,-0.7852669065458737,0.6558825975954502,-0.1911872212876034,0.2919695379402972
0.34608318106231994,-0.7852669065458737,0.38780808247746623,-0.1911872212876034,0.049876886198645505
-1.495636662628877,2.1070605577114874,-1.249361277707364,0.7695525841777412,0.11406907543574359
-1.5757114384415378,-0.7852669065458737,-0.7227863372970385,1.7302923896430857,-0.03513940693255038
0.8265318359382844,-0.7852669065458737,1.4122356938211904,0.7695525841777412,1.6784281281173703
0.9066066117509451,0.6608968255828068,1.9866810833597273,-0.1911872212876034,1.5400971841554287
0.025784077811676978,-0.7852669065458737,-0.6749158881688271,0.7695525841777412,1.4344182954221887
-0.05429069800098377,-0.7852669065458737,-0.46428591200469677,1.7302923896430857,0.5499071668087048
0.18593362943699845,-0.7852669065458737,1.125012999051922,-1.151927026752948,-0.28019730815144395
-1.4155618868162165,-0.7852669065458737,-0.4930081814816237,0.7695525841777412,-3.8245355197347704
-1.4155618868162165,0.6608968255828068,-0.6940640678201115,-0.1911872212876034,0.35522876872331943
-1.7358609900668593,0.6608968255828068,-0.8855458643329572,-0.1911872212876034,1.064464732469748
-1.6557862142541986,0.6608968255828068,-0.7323604271226808,-1.151927026752948,0.7721195392888559
-0.21444024962630526,-0.7852669065458737,0.4548267112569621,0.7695525841777412,0.1552116880133845
-1.7358609900668593,-0.7852669065458737,-1.0578794811945185,0.7695525841777412,0.8662308080633444
1.1468309391889273,-0.7852669065458737,2.2643296883033535,0.7695525841777412,-1.0768132096306693
-1.0952627835655735,2.1070605577114874,-1.249361277707364,-1.151927026752948,-0.008493435024423146
1.3069804908142488,-0.7852669065458737,0.789919855154442,-0.1911872212876034,0.14202804751208295
-1.495636662628877,2.1070605577114874,-0.9429904032868109,1.7302923896430857,0.48924810146054776
0.7464570601256236,-0.7852669065458737,-0.30152638496877804,1.7302923896430857,-5.24462629781612
1.226905715001588,0.6608968255828068,0.9239571127134342,0.7695525841777412,0.33382700036530494
0.9866813875636059,-0.7852669065458737,1.029272100795499,-1.151927026752948,-0.045825426058611785
1.4671300424395703,-0.7852669065458737,2.5707005627239066,0.7695525841777412,-1.007971572891153
-1.1753375593782343,-0.7852669065458737,-0.7227863372970385,0.7695525841777412,0.19725949084230665
0.4261579568749807,-0.7852669065458737,-0.8855458643329572,0.7695525841777412,-0.05860903781851675
-0.935113231940252,0.6608968255828068,-0.2249336663636397,-1.151927026752948,-0.7709392088307481
-0.294515025438966,-0.7852669065458737,-0.3876931933995586,0.7695525841777412,-0.3509500541173961
-1.1753375593782343,0.6608968255828068,-0.43556364252777,-1.151927026752948,-0.7210698729178121
1.547204818252231,-0.7852669065458737,0.16760401648769382,-1.151927026752948,0.14065479391883598
0.9066066117509451,2.1070605577114874,-1.2014908285791526,0.7695525841777412,1.1319359613880893
0.4261579568749807,-0.7852669065458737,1.603717490334036,-0.1911872212876034,-1.073528792516513
-0.6148141286896089,-0.7852669065458737,-1.0100090320663069,-0.1911872212876034,0.5122680023429059
1.0667561633762666,-0.7852669065458737,-1.0578794811945185,-0.1911872212876034,0.23762985869768102
0.34608318106231994,-0.7852669065458737,0.3112153638723279,-1.151927026752948,0.05939204008057568
-1.495636662628877,2.1070605577114874,-0.6078972593893311,-0.1911872212876034,0.5697980173512699
0.34608318106231994,0.6608968255828068,-1.249361277707364,-0.1911872212876034,0.2587897798774094
-1.7358609900668593,-0.7852669065458737,-0.8376754152047459,0.7695525841777412,1.3261355714781284
-0.4546645770642875,-0.7852669065458737,-0.44513773235341225,-0.1911872212876034,0.03841243483962661
0.025784077811676978,0.6608968255828068,-0.08132231897900548,0.7695525841777412,-0.4004231491833603
-0.4546645770642875,-0.7852669065458737,-1.1344721997996565,-1.151927026752948,-0.42105466977145034
-1.495636662628877,-0.7852669065458737,-0.6461936186919002,0.7695525841777412,-0.30597451314833773
1.3069804908142488,-0.7852669065458737,1.6898842987648168,1.7302923896430857,-0.7352344243795996
1.3069804908142488,0.6608968255828068,1.603717490334036,1.7302923896430857,-0.44579980466439284
-0.21444024962630526,0.6608968255828068,0.3590858130005393,-0.1911872212876034,0.026598698475691608
0.9866813875636059,0.6608968255828068,-0.368545013748274,-1.151927026752948,-0.7009141353897733
0.9866813875636059,-0.7852669065458737,-1.144046289625299,0.7695525841777412,0.13292473148074904
1.226905715001588,0.6608968255828068,-0.2823782053174935,-1.151927026752948,0.8622651635229531
1.4671300424395703,-0.7852669065458737,1.4313838734724753,-0.1911872212876034,0.742380253190945
-0.4546645770642875,0.6608968255828068,-1.2110649184047948,1.7302923896430857,1.0295592584359605
0.2660084052496592,-0.7852669065458737,-0.4738600018303392,0.7695525841777412,0.4276416761600907
-0.8550384561275912,2.1070605577114874,0.18675219613897834,-0.1911872212876034,0.01508222997158219
-0.3745898012516267,-0.7852669065458737,0.8473643941082959,1.7302923896430857,0.9366245430924381
0.666382284312963,-0.7852669065458737,1.766477017369955,1.7302923896430857,0.2948841681182606
-0.6148141286896089,0.6608968255828068,-0.9908608524150223,-0.1911872212876034,1.0587832911460888
0.4261579568749807,0.6608968255828068,1.4888284124263287,1.7302923896430857,1.028821223736305
-0.5347393528769482,2.1070605577114874,-0.2823782053174935,-1.151927026752948,0.47298530102189945
1.6272795940648919,0.6608968255828068,0.9622534720160032,1.7302923896430857,-0.4190252776930117
-1.1753375593782343,-0.7852669065458737,-0.5504527204354773,-1.151927026752948,0.8265669477876517
-0.21444024962630526,-0.7852669065458737,-0.6174713492149734,-0.1911872212876034,0.24318673321189171
1.547204818252231,-0.7852669065458737,-0.8185272355534613,-0.1911872212876034,-1.2574175219218349
-1.255412335190895,0.6608968255828068,-1.2110649184047948,-0.1911872212876034,-1.1952138173873632
0.4261579568749807,-0.7852669065458737,0.6175862382928812,0.7695525841777412,-0.5291851971861531
1.1468309391889273,0.6608968255828068,-0.14834094775850157,0.7695525841777412,0.7283517869465059
-1.81593576587952,0.6608968255828068,-1.249361277707364,-0.1911872212876034,0.900624261869288
-0.8550384561275912,0.6608968255828068,-0.9812867625893801,-0.1911872212876034,1.1440349198574535
-0.7749636803149305,-0.7852669065458737,-0.21535957653799748,-0.1911872212876034,0.18166105954671996
-1.495636662628877,0.6608968255828068,-1.1919167387535103,-1.151927026752948,-0.44433676765731595
-1.1753375593782343,-0.7852669065458737,-0.16748912740978605,1.7302923896430857,0.2718473261750266
-0.6148141286896089,-0.7852669065458737,-0.1291927681072169,0.7695525841777412,-0.7743924540142264
0.18593362943699845,0.6608968255828068,1.0005498313185726,-0.1911872212876034,0.09384693591465912
1.547204818252231,0.6608968255828068,0.13888174701076691,-0.1911872212876034,-0.6178952072037371
1.4671300424395703,-0.7852669065458737,2.187736969698215,0.7695525841777412,0.4700577468221617
1.4671300424395703,-0.7852669065458737,1.6420138496366055,1.7302923896430857,1.394054568944987
0.7464570601256236,-0.7852669065458737,-0.8281013253791035,0.7695525841777412,0.7096740816510616
0.4261579568749807,-0.7852669065458737,-0.5887490797380465,-0.1911872212876034,1.1107550273770006
0.10585885362433772,-0.7852669065458737,0.37823399265182417,-0.1911872212876034,-1.3609619020117207
0.666382284312963,2.1070605577114874,2.0249774426622964,-0.1911872212876034,1.118015505502758
-0.5347393528769482,0.6608968255828068,-1.249361277707364,0.7695525841777412,1.089603739376048
-0.7749636803149305,-0.7852669065458737,0.3590858130005393,-0.1911872212876034,0.25814334644014686
-1.4155618868162165,-0.7852669065458737,-0.8281013253791035,1.7302923896430857,-0.6594893853035485
1.547204818252231,0.6608968255828068,2.8483491676675325,0.7695525841777412,0.8024494106578067
1.0667561633762666,-0.7852669065458737,0.04314084875434409,-1.151927026752948,5.139018249171335
-0.6148141286896089,2.1070605577114874,-0.4259895527021278,0.7695525841777412,1.602918732562253
0.5863075085003022,0.6608968255828068,0.3590858130005393,-0.1911872212876034,-0.43756961450224924
0.8265318359382844,-0.7852669065458737,1.364365244692979,0.7695525841777412,-1.0713915900106459
0.5062327326876415,-0.7852669065458737,-0.27280411549185113,-1.151927026752948,-0.2800500734203257
0.666382284312963,2.1070605577114874,-0.9908608524150223,-0.1911872212876034,0.2738773997326735
-1.4155618868162165,-0.7852669065458737,-1.2014908285791526,-0.1911872212876034,-0.9746401083802229
-0.1343654738136445,-0.7852669065458737,-1.0387313015432338,-1.151927026752948,-0.4023716009582413
1.1468309391889273,-0.7852669065458737,0.8856607534108648,0.7695525841777412,-1.1138783028384773
0.5863075085003022,0.6608968255828068,-0.19621139688671296,0.7695525841777412,0.8802932239521547
-1.4155618868162165,-0.7852669065458737,-0.8185272355534613,-1.151927026752948,-0.3730135270456134
-0.294515025438966,-0.7852669065458737,0.8473643941082959,0.7695525841777412,0.6390988036908805
-0.6948889045022697,2.1070605577114874,-0.4068413730508431,0.7695525841777412,-0.1150815943439357
0.8265318359382844,-0.7852669065458737,0.19632628596462057,1.7302923896430857,0.4700742992121752
1.4671300424395703,0.6608968255828068,0.7229012263749461,1.7302923896430857,0.824368299040493
-0.05429069800098377,-0.7852669065458737,0.789919855154442,0.7695525841777412,0.7783672965166311
-0.935113231940252,-0.7852669065458737,-0.44513773235341225,-1.151927026752948,-0.0204339222880789
0.18593362943699845,-0.7852669065458737,0.071863118231271,-0.1911872212876034,1.082639170071753
1.3870552666269096,0.6608968255828068,-0.6749158881688271,0.7695525841777412,1.1081962438645379
-1.81593576587952,-0.7852669065458737,-1.115324020148372,0.7695525841777412,0.8840415861656249
-1.7358609900668593,-0.7852669065458737,-1.2302130980560793,-1.151927026752948,-1.4651080904839406
0.025784077811676978,-0.7852669065458737,0.23462264526718973,0.7695525841777412,-0.24750630988856187
0.8265318359382844,-0.7852669065458737,-0.21535957653799748,1.7302923896430857,0.04878874943811083
0.10585885362433772,-0.7852669065458737,-0.06217413932772098,-0.1911872212876034,0.3459836278188501
0.34608318106231994,-0.7852669065458737,0.062289028405628756,-1.151927026752948,0.3699773286690378
1.547204818252231,0.6608968255828068,2.8196268981906063,-0.1911872212876034,-0.21160158192596393
-0.7749636803149305,-0.7852669065458737,0.071863118231271,-0.1911872212876034,-1.117835324780503
0.8265318359382844,-0.7852669065458737,-0.9238422236355264,-1.151927026752948,-1.4576696158202964
-1.7358609900668593,-0.7852669065458737,-0.9717126727637379,0.7695525841777412,-0.6639048600270939
0.5863075085003022,-0.7852669065458737,0.512271250210816,-1.151927026752948,-0.9255780305990559
0.666382284312963,-0.7852669065458737,-1.1248981099740143,-1.151927026752948,0.18420972981771092
0.2660084052496592,-0.7852669065458737,0.14845583683640917,-0.1911872212876034,-0.14748070677337607
-1.0952627835655735,-0.7852669065458737,-0.8281013253791035,-1.151927026752948,-1.5962409462521248
0.34608318106231994,-0.7852669065458737,0.062289028405628756,-1.151927026752948,-0.6602831506238721
1.0667561633762666,0.6608968255828068,-0.16748912740978605,-1.151927026752948,-0.05860903781851675
-1.0952627835655735,0.6608968255828068,-0.9334163134611686,-0.1911872212876034,0.27229611254532116
-1.495636662628877,0.6608968255828068,-0.6366195288662579,0.7695525841777412,0.16532264337799557
0.9066066117509451,-0.7852669065458737,1.5175506819032556,-0.1911872212876034,-0.6752208859833867
-0.7749636803149305,-0.7852669065458737,-0.5121563611329083,-1.151927026752948,-0.3773739910281987
-0.7749636803149305,0.6608968255828068,-1.144046289625299,-1.151927026752948,-0.07516486288462318
0.34608318106231994,-0.7852669065458737,1.2016057176570603,0.7695525841777412,0.17403931023085323
0.7464570601256236,2.1070605577114874,1.4122356938211904,0.7695525841777412,0.6433903016457629
1.0667561633762666,-0.7852669065458737,1.5558470412058245,-1.151927026752948,3.340131815455157
0.9066066117509451,-0.7852669065458737,-1.2110649184047948,0.7695525841777412,0.6668297804046283
0.18593362943699845,-0.7852669065458737,-1.077027660845803,-1.151927026752948,-0.6131625276737178
0.5863075085003022,-0.7852669065458737,1.804773376672524,-1.151927026752948,-0.6174786192851629
1.547204818252231,-0.7852669065458737,2.8196268981906063,-0.1911872212876034,-0.13510530987224034
0.666382284312963,2.1070605577114874,1.287772526087841,-0.1911872212876034,0.2199106983401577
-0.5347393528769482,0.6608968255828068,-0.5983231695636888,-0.1911872212876034,0.47597699902849505
0.2660084052496592,0.6608968255828068,0.23462264526718973,-0.1911872212876034,-1.291875528263531
0.5062327326876415,2.1070605577114874,1.5558470412058245,0.7695525841777412,1.7523559905675137
0.9866813875636059,0.6608968255828068,-1.2302130980560793,-1.151927026752948,0.11134721365983036
-0.294515025438966,0.6608968255828068,0.21547446561590525,-0.1911872212876034,-1.1695048997542583
-1.0151880077529127,2.1070605577114874,-0.6366195288662579,-1.151927026752948,0.20040813206287375
-0.5347393528769482,-0.7852669065458737,0.12930765718512466,1.7302923896430857,0.2761627778939761
-1.1753375593782343,2.1070605577114874,-0.9908608524150223,-0.1911872212876034,-0.5723841024342246
-0.5347393528769482,2.1070605577114874,0.004844489451774929,0.7695525841777412,0.7549631646643832
-0.8550384561275912,-0.7852669065458737,0.0910112978825555,-0.1911872212876034,-0.29736036086412493
0.5863075085003022,0.6608968255828068,-0.8472495050303881,-0.1911872212876034,1.1512775444877363
-1.81593576587952,0.6608968255828068,-1.2397871878817217,-1.151927026752948,-1.3230433522169218
-0.5347393528769482,-0.7852669065458737,0.18675219613897834,-0.1911872212876034,-0.4370163873830029
0.7464570601256236,-0.7852669065458737,-1.077027660845803,-1.151927026752948,-0.16461055136200353
0.34608318106231994,-0.7852669065458737,1.057994370272426,-1.151927026752948,-1.3486008504383746
-1.7358609900668593,-0.7852669065458737,-1.0578794811945185,-1.151927026752948,0.29687763800092054
0.5863075085003022,-0.7852669065458737,-0.7610826965996076,-1.151927026752948,0.1490350485246125
-1.255412335190895,-0.7852669065458737,-0.7515086067739654,-1.151927026752948,-0.49223009916889915
-0.6148141286896089,-0.7852669065458737,-0.9908608524150223,0.7695525841777412,0.33382700036530494
-1.6557862142541986,-0.7852669065458737,-1.1057499303227298,-0.1911872212876034,0.2097953315082396
1.0667561633762666,0.6608968255828068,2.101570161267435,0.7695525841777412,0.021648339323138265
-0.8550384561275912,0.6608968255828068,-0.6078972593893311,0.7695525841777412,0.5509734580839787
-0.935113231940252,-0.7852669065458737,-0.11961867828157464,-1.151927026752948,-0.6736378887171972
-1.81593576587952,-0.7852669065458737,-1.1057499303227298,-1.151927026752948,-0.8348977124242158
0.5062327326876415,2.1070605577114874,1.766477017369955,1.7302923896430857,1.5752119854986875
0.5863075085003022,2.1070605577114874,-0.2823782053174935,0.7695525841777412,-0.10604943049904664
1.0667561633762666,-0.7852669065458737,1.0101239211442146,0.7695525841777412,-0.9066211461664112
-1.4155618868162165,0.6608968255828068,-1.0483053913688762,-0.1911872212876034,-0.184133993969448
-0.6148141286896089,-0.7852669065458737,0.512271250210816,1.7302923896430857,0.32334233662325923
-1.0952627835655735,-0.7852669065458737,-0.7132122474713962,-1.151927026752948,-0.847277499639023
-1.3354871110035558,-0.7852669065458737,-1.0578794811945185,-1.151927026752948,-0.4848520543885854
-1.1753375593782343,-0.7852669065458737,-0.30152638496877804,-0.1911872212876034,-0.07330342752666148
1.3870552666269096,-0.7852669065458737,2.7047378202828987,0.7695525841777412,-0.5310434870013959
0.10585885362433772,2.1070605577114874,1.3356429752160524,-0.1911872212876034,-0.705249912676635
-1.6557862142541986,-0.7852669065458737,-1.0291572117175916,-1.151927026752948,-0.7716063819180612
-0.4546645770642875,-0.7852669065458737,0.44525262143132005,0.7695525841777412,-0.6718796240606454
0.34608318106231994,0.6608968255828068,-0.27280411549185113,0.7695525841777412,-0.20534741895998998
-0.6948889045022697,-0.7852669065458737,-0.368545013748274,-1.151927026752948,-0.8370777289477295
0.4261579568749807,-0.7852669065458737,-0.2440818460149244,1.7302923896430857,0.15412984657372578
-0.294515025438966,2.1070605577114874,-1.0100090320663069,-1.151927026752948,-0.37944538783605947
0.10585885362433772,-0.7852669065458737,-0.8568235948560304,0.7695525841777412,-0.06944704622764594
-0.6148141286896089,0.6608968255828068,0.2250485554415475,-1.151927026752948,-1.4631900126797992
0.025784077811676978,-0.7852669065458737,-0.3972672832252009,0.7695525841777412,1.635482811233359
0.7464570601256236,-0.7852669065458737,1.938810634231516,-0.1911872212876034,0.1891375861635844
1.1468309391889273,-0.7852669065458737,0.11973356735948242,-1.151927026752948,-0.13495926887939247
1.547204818252231,2.1070605577114874,0.6175862382928812,-0.1911872212876034,-0.37727239263673745
1.3870552666269096,-0.7852669065458737,0.43567853160567765,-0.1911872212876034,0.2123411724097129
-0.1343654738136445,2.1070605577114874,-0.2440818460149244,-1.151927026752948,-0.5715226677663253
0.18593362943699845,0.6608968255828068,-0.43556364252777,-1.151927026752948,-0.3334400453286611
-0.294515025438966,0.6608968255828068,0.7037530467236616,-0.1911872212876034,-0.5399330681199646
1.0667561633762666,-0.7852669065458737,1.2781984362621985,0.7695525841777412,-0.12195306415840224
1.547204818252231,-0.7852669065458737,1.268624346436556,0.7695525841777412,-1.0503375250757663
-0.6948889045022697,0.6608968255828068,0.3495117231748972,0.7695525841777412,-1.0216670474053953
-0.21444024962630526,-0.7852669065458737,1.0101239211442146,-1.151927026752948,0.33474847129181906
0.8265318359382844,-0.7852669065458737,-0.8568235948560304,-1.151927026752948,-0.9741825504029192
0.10585885362433772,0.6608968255828068,0.023992669103059597,-1.151927026752948,-1.1456431747962112
1.1468309391889273,-0.7852669065458737,1.3835134243442637,1.7302923896430857,1.18583714631715
-1.81593576587952,-0.7852669065458737,-1.2397871878817217,-1.151927026752948,1.015461546925985
-0.7749636803149305,0.6608968255828068,-0.5408786306098351,1.7302923896430857,0.1349268266302187
-1.0151880077529127,-0.7852669065458737,-0.11004458845593239,0.7695525841777412,-0.534429817843441
0.34608318106231994,-0.7852669065458737,0.6558825975954502,-0.1911872212876034,0.7388996193850995
-0.4546645770642875,-0.7852669065458737,0.03356675892870185,-0.1911872212876034,-0.0014053374098791833
0.8265318359382844,0.6608968255828068,-0.7132122474713962,-1.151927026752948,-0.6531730202629982
1.4671300424395703,-0.7852669065458737,0.44525262143132005,-1.151927026752948,-1.6291362615668412
0.9866813875636059,-0.7852669065458737,-1.1057499303227298,1.7302923896430857,-0.4839358116939791
-0.294515025438966,2.1070605577114874,-1.0291572117175916,-1.151927026752948,-0.44703416436947535
-0.6948889045022697,0.6608968255828068,-0.10047049863029014,-1.151927026752948,-1.106624001908839
-1.3354871110035558,0.6608968255828068,-0.48343409165598145,-1.151927026752948,-0.3137918544959459
0.2660084052496592,-0.7852669065458737,-0.5696009000867619,-0.1911872212876034,-0.5057620891637209
0.5062327326876415,-0.7852669065458737,1.029272100795499,-1.151927026752948,-1.2263120745123361
-1.495636662628877,-0.7852669065458737,-0.6844899779944693,1.7302923896430857,0.019021700262247858
-0.1343654738136445,-0.7852669065458737,0.19632628596462057,-1.151927026752948,-0.5006100438937454
-0.294515025438966,-0.7852669065458737,-1.1919167387535103,-1.151927026752948,0.7067719694206752
1.3870552666269096,-0.7852669065458737,2.7047378202828987,-1.151927026752948,-1.2386036854249025
-1.0151880077529127,-0.7852669065458737,-0.2632300256662089,-1.151927026752948,-0.5782216184013637
0.34608318106231994,0.6608968255828068,-0.8281013253791035,-0.1911872212876034,-1.2238053084843148
1.1468309391889273,-0.7852669065458737,0.244196735092832,0.7695525841777412,0.44187501904714316
1.4671300424395703,-0.7852669065458737,1.2494761667852716,1.7302923896430857,-0.06467287985965071
-1.1753375593782343,-0.7852669065458737,-0.11961867828157464,0.7695525841777412,0.4690664966009605
-0.05429069800098377,0.6608968255828068,-0.2632300256662089,-0.1911872212876034,-0.47559593498400204
0.18593362943699845,-0.7852669065458737,-0.7132122474713962,0.7695525841777412,0.6111817488783128
1.3870552666269096,0.6608968255828068,1.6803102089391744,0.7695525841777412,0.5618381191136793
-1.0151880077529127,0.6608968255828068,-0.0047296003738673195,0.7695525841777412,0.7952694110175644
-0.3745898012516267,-0.7852669065458737,0.1580299266620516,0.7695525841777412,1.0101009053095382
0.34608318106231994,0.6608968255828068,1.268624346436556,-0.1911872212876034,0.02743281035206564
-0.21444024962630526,-0.7852669065458737,-0.21535957653799748,-0.1911872212876034,-0.3492871359359463
0.9866813875636059,-0.7852669065458737,-0.23450775618928213,-1.151927026752948,-0.5840327563016378
1.4671300424395703,-0.7852669065458737,-0.9717126727637379,0.7695525841777412,0.645174890308415
-0.1343654738136445,0.6608968255828068,-0.2249336663636397,-0.1911872212876034,-0.1527527549317152
0.10585885362433772,-0.7852669065458737,0.12930765718512466,0.7695525841777412,0.6819882034719776
0.5062327326876415,-0.7852669065458737,-0.37811910357391637,0.7695525841777412,0.7675164938047382
-0.21444024962630526,0.6608968255828068,0.8760866635852228,1.7302923896430857,0.09229635617484416
1.6272795940648919,-0.7852669065458737,1.1920316278314183,0.7695525841777412,0.877221898888426
-0.21444024962630526,-0.7852669065458737,-1.2014908285791526,1.7302923896430857,0.3200194086490162
-1.4155618868162165,0.6608968255828068,-0.7706567864252499,-0.1911872212876034,0.13893520541273438
1.3870552666269096,0.6608968255828068,-0.014303690199509568,-1.151927026752948,-1.4424239523405475
-1.0952627835655735,-0.7852669065458737,-1.0578794811945185,-1.151927026752948,-0.7894615785657152
0.025784077811676978,0.6608968255828068,0.5314194298621004,-0.1911872212876034,-0.1924519127505338
-1.3354871110035558,0.6608968255828068,-0.5887490797380465,0.7695525841777412,-0.8040547062205691
-0.7749636803149305,0.6608968255828068,-1.0387313015432338,-1.151927026752948,-0.7327674764602596
-0.935113231940252,-0.7852669065458737,0.023992669103059597,-1.151927026752948,-0.8444517697344754
-1.0952627835655735,-0.7852669065458737,-1.0674535710201607,0.7695525841777412,0.6536509770730652
0.10585885362433772,0.6608968255828068,1.2111798074827027,-1.151927026752948,-0.7967042614019487
1.0667561633762666,-0.7852669065458737,-0.6653417983431847,0.7695525841777412,-0.5344117347369908
-1.7358609900668593,-0.7852669065458737,-1.1919167387535103,0.7695525841777412,-0.261204027837193
0.9066066117509451,0.6608968255828068,-0.4738600018303392,0.7695525841777412,-0.48491219025435434
0.8265318359382844,-0.7852669065458737,0.41653035195439314,-1.151927026752948,0.01486291072220689
0.2660084052496592,0.6608968255828068,0.5792898789903119,0.7695525841777412,0.29429986859753376
0.5863075085003022,0.6608968255828068,-0.33024865444570495,1.7302923896430857,3.368557184384577
0.2660084052496592,-0.7852669065458737,1.5462729513801825,0.7695525841777412,0.012299208688019939
-0.6148141286896089,0.6608968255828068,-0.30152638496877804,0.7695525841777412,0.036709639882677926
0.9866813875636059,-0.7852669065458737,1.393087514169906,-1.151927026752948,-0.6289956661962813
0.025784077811676978,-0.7852669065458737,0.1580299266620516,-1.151927026752948,-0.12023987620607524
1.1468309391889273,0.6608968255828068,-0.43556364252777,-0.1911872212876034,-0.5721890342913218
-0.21444024962630526,-0.7852669065458737,-0.7898049660765344,-1.151927026752948,0.026192173016272673
-0.294515025438966,-0.7852669065458737,-0.6270454390406157,-1.151927026752948,-0.8267817083059977
-1.0151880077529127,-0.7852669065458737,-0.6174713492149734,-1.151927026752948,-0.8507260871987847
0.7464570601256236,-0.7852669065458737,-0.7802308762508922,0.7695525841777412,0.416592581895723
-0.7749636803149305,2.1070605577114874,0.12930765718512466,-1.151927026752948,-3.750236390876963
0.34608318106231994,-0.7852669065458737,-0.5600268102611197,-0.1911872212876034,-0.4382823070876943
0.7464570601256236,0.6608968255828068,0.244196735092832,-0.1911872212876034,1.3565449264308356
0.4261579568749807,-0.7852669065458737,-0.5121563611329083,-0.1911872212876034,0.4274079017783701
0.9866813875636059,-0.7852669065458737,0.04314084875434409,0.7695525841777412,-0.2355032833496858
0.666382284312963,0.6608968255828068,1.823921556323809,-0.1911872212876034,-0.0030642447217296745
1.1468309391889273,2.1070605577114874,1.5558470412058245,0.7695525841777412,-0.41292854350158625
-0.1343654738136445,-0.7852669065458737,0.512271250210816,1.7302923896430857,-0.3691681605495336
1.6272795940648919,-0.7852669065458737,1.3356429752160524,0.7695525841777412,-0.7706236150757461
-1.3354871110035558,-0.7852669065458737,-1.220639008230437,-1.151927026752948,-0.6217359724403213
1.6272795940648919,-0.7852669065458737,1.7569029275443127,-1.151927026752948,0.7275634183206233
-1.495636662628877,-0.7852669065458737,-0.6461936186919002,-1.151927026752948,-0.3495146645120006
0.5863075085003022,-0.7852669065458737,1.2111798074827027,1.7302923896430857,0.091837314014601
0.666382284312963,-0.7852669065458737,1.7569029275443127,-0.1911872212876034,-0.38534311485844075
-0.4546645770642875,-0.7852669065458737,-0.502582271307266,0.7695525841777412,0.6209283245357932
1.226905715001588,-0.7852669065458737,0.38780808247746623,0.7695525841777412,0.2508780791430535
-0.8550384561275912,-0.7852669065458737,-0.7036381576457539,-1.151927026752948,-0.0769709528918348
0.5062327326876415,-0.7852669065458737,1.6228656699853208,1.7302923896430857,1.0143480113296648
-1.7358609900668593,-0.7852669065458737,-1.1919167387535103,0.7695525841777412,0.4541121292287486
0.34608318106231994,0.6608968255828068,0.6175862382928812,-1.151927026752948,-0.6883685967390052
-1.6557862142541986,-0.7852669065458737,-1.1631944692765834,-1.151927026752948,0.4333005689426972
0.7464570601256236,-0.7852669065458737,1.287772526087841,-0.1911872212876034,0.6819882034719776
0.4261579568749807,2.1070605577114874,1.1824575380057758,-0.1911872212876034,-0.05860903781851675
-0.294515025438966,-0.7852669065458737,-0.43556364252777,0.7695525841777412,-0.28200674314380303
1.547204818252231,0.6608968255828068,0.483548980733889,-0.1911872212876034,-0.4765313655808692
-1.1753375593782343,-0.7852669065458737,-0.19621139688671296,-1.151927026752948,0.6110799569654409
-1.0952627835655735,-0.7852669065458737,-0.6557677085175425,1.7302923896430857,0.5501010235161361
-1.3354871110035558,-0.7852669065458737,-0.7610826965996076,-0.1911872212876034,-0.5807010878144266
0.34608318106231994,-0.7852669065458737,-0.27280411549185113,-0.1911872212876034,0.6727412458622212
-0.4546645770642875,-0.7852669065458737,-0.46428591200469677,1.7302923896430857,1.1975811057872947
0.10585885362433772,2.1070605577114874,-0.45471182217905454,-1.151927026752948,-0.6691229274599264
1.6272795940648919,-0.7852669065458737,1.7951992868468816,0.7695525841777412,-1.1279617027012596
-1.0952627835655735,2.1070605577114874,-0.31110047479442027,1.7302923896430857,0.7959262405935923
-1.1753375593782343,2.1070605577114874,-0.7323604271226808,-1.151927026752948,-1.1646958267588656
-0.3745898012516267,-0.7852669065458737,-0.46428591200469677,-1.151927026752948,-0.5547028836590393
-0.6948889045022697,-0.7852669065458737,-0.5696009000867619,1.7302923896430857,-0.0867864851726256
-1.6557862142541986,-0.7852669065458737,-1.1536203794509412,-1.151927026752948,-0.7218304479294072
-0.1343654738136445,0.6608968255828068,0.5792898789903119,-0.1911872212876034,-0.4542705776860411
-0.294515025438966,2.1070605577114874,-0.8281013253791035,-0.1911872212876034,0.22711520650651967
1.4671300424395703,-0.7852669065458737,0.5505676095133849,0.7695525841777412,0.17080551667178728
0.8265318359382844,-0.7852669065458737,1.019698010969857,0.7695525841777412,1.1918547138157602
-0.05429069800098377,0.6608968255828068,-0.4259895527021278,1.7302923896430857,0.8264632364829526
-0.5347393528769482,-0.7852669065458737,-1.1727685591022257,-1.151927026752948,-0.5308522179936296
-0.4546645770642875,-0.7852669065458737,-0.6653417983431847,0.7695525841777412,1.1919303940040815
-0.3745898012516267,-0.7852669065458737,0.03356675892870185,-1.151927026752948,-0.8308895835492461
-0.5347393528769482,-0.7852669065458737,-1.1057499303227298,-0.1911872212876034,5.416001941917099
0.5062327326876415,2.1070605577114874,-1.0195831218919493,1.7302923896430857,-0.08534540031997864
-1.0952627835655735,-0.7852669065458737,-0.08132231897900548,-0.1911872212876034,0.5862702686721109
1.0667561633762666,-0.7852669065458737,-0.043025959676436486,-0.1911872212876034,-0.03464148955668846
-1.0952627835655735,-0.7852669065458737,-0.9429904032868109,0.7695525841777412,0.5620619456493692
0.8265318359382844,2.1070605577114874,-0.9142681338098841,0.7695525841777412,0.29246414654040837
-1.5757114384415378,-0.7852669065458737,-1.0195831218919493,-1.151927026752948,-0.5108821622707271
0.10585885362433772,-0.7852669065458737,1.32606888539041,-1.151927026752948,-0.5882221812995099
0.18593362943699845,-0.7852669065458737,0.2250485554415475,-0.1911872212876034,-0.4935629731796008
1.226905715001588,0.6608968255828068,1.7377547478930282,-0.1911872212876034,1.0826001943466108
0.7464570601256236,-0.7852669065458737,-0.368545013748274,-1.151927026752948,-5.604582253607976
-0.1343654738136445,-0.7852669065458737,0.19632628596462057,-1.151927026752948,0.35283387400953564
1.6272795940648919,-0.7852669065458737,-1.1631944692765834,-0.1911872212876034,-0.18113431670848829
-0.3745898012516267,-0.7852669065458737,0.4548267112569621,-1.151927026752948,-0.4744524085966018
-1.4155618868162165,0.6608968255828068,-0.6749158881688271,-1.151927026752948,-0.4117840228269895
1.6272795940648919,0.6608968255828068,2.8100528083649636,0.7695525841777412,1.793986801026079
0.10585885362433772,0.6608968255828068,0.6175862382928812,-0.1911872212876034,-1.2588231600103983
0.5062327326876415,-0.7852669065458737,-1.077027660845803,-0.1911872212876034,0.5777696626677112
1.4671300424395703,-0.7852669065458737,0.47397489090824696,-0.1911872212876034,-0.7501746435690277
1.226905715001588,2.1070605577114874,-0.4259895527021278,-1.151927026752948,-0.299007914547208
0.10585885362433772,-0.7852669065458737,-0.4738600018303392,-1.151927026752948,-0.03744911663878834
-1.7358609900668593,2.1070605577114874,-0.8855458643329572,-1.151927026752948,-0.2509079220417476
1.1468309391889273,-0.7852669065458737,-0.43556364252777,1.7302923896430857,1.2761344258339387
-1.1753375593782343,0.6608968255828068,-0.8951199541585995,-1.151927026752948,-1.3427638873956125
-1.0151880077529127,-0.7852669065458737,0.04314084875434409,0.7695525841777412,0.6533866666267407
-1.4155618868162165,-0.7852669065458737,-0.6844899779944693,-1.151927026752948,-1.2883830547215516
0.5863075085003022,2.1070605577114874,-0.014303690199509568,0.7695525841777412,1.4681457462554737
-1.495636662628877,-0.7852669065458737,-0.7515086067739654,-1.151927026752948,0.17282760008476272
-0.7749636803149305,0.6608968255828068,-0.46428591200469677,0.7695525841777412,0.5749817579623244
1.4671300424395703,-0.7852669065458737,0.9909757414929301,-0.1911872212876034,-0.20302549987016313
-1.81593576587952,-0.7852669065458737,-1.0483053913688762,-0.1911872212876034,0.908837808912309
1.3870552666269096,2.1070605577114874,2.8100528083649636,-1.151927026752948,0.47613897025614144
-1.0952627835655735,0.6608968255828068,-0.7515086067739654,-0.1911872212876034,-0.782852396809221
-0.935113231940252,-0.7852669065458737,-0.5408786306098351,-1.151927026752948,-1.0120725520547822
-0.1343654738136445,-0.7852669065458737,1.1154389092262798,1.7302923896430857,0.8908746048616043
-1.81593576587952,-0.7852669065458737,-1.0866017506714452,-0.1911872212876034,-0.07354043381227672
1.547204818252231,-0.7852669065458737,0.9239571127134342,0.7695525841777412,0.8027377536823844
-1.5757114384415378,-0.7852669065458737,-0.7706567864252499,0.7695525841777412,0.6602059316693161
-1.6557862142541986,-0.7852669065458737,-1.182342648927868,0.7695525841777412,-0.4741015846055067
1.1468309391889273,-0.7852669065458737,0.8856607534108648,-0.1911872212876034,0.1078588735604655
-1.495636662628877,-0.7852669065458737,-0.7802308762508922,-0.1911872212876034,0.8129714921576635
1.4671300424395703,-0.7852669065458737,-1.0387313015432338,0.7695525841777412,-0.14036770291038367
-0.294515025438966,0.6608968255828068,0.6463085077698077,-1.151927026752948,-0.8336526624248481
0.8265318359382844,-0.7852669065458737,0.5026971603851735,1.7302923896430857,0.1556490769908314
-0.05429069800098377,0.6608968255828068,-0.875971774507315,-1.151927026752948,-0.3686264876610493
0.9866813875636059,-0.7852669065458737,-0.8376754152047459,-1.151927026752948,-0.05860903781851675
-0.294515025438966,-0.7852669065458737,0.8377903042826534,-1.151927026752948,0.290729283544924
-1.1753375593782343,0.6608968255828068,-0.5983231695636888,-1.151927026752948,-0.1198998439942818
0.2660084052496592,-0.7852669065458737,0.4931230705595315,1.7302923896430857,0.3227053312669781
-1.6557862142541986,0.6608968255828068,-1.0961758404970876,-1.151927026752948,-0.23991251676945383
0.5863075085003022,-0.7852669065458737,0.12930765718512466,-0.1911872212876034,-0.6088980096752309
-0.4546645770642875,0.6608968255828068,-1.220639008230437,-0.1911872212876034,-1.3154092977458185
-1.0952627835655735,0.6608968255828068,-0.2536559358405666,0.7695525841777412,0.14200421038658328
0.7464570601256236,-0.7852669065458737,-0.19621139688671296,-1.151927026752948,-0.9035157497133062
1.3069804908142488,0.6608968255828068,-0.9238422236355264,0.7695525841777412,0.04254869795377759
-0.294515025438966,-0.7852669065458737,-0.2823782053174935,-1.151927026752948,-1.4894300466793127
1.0667561633762666,-0.7852669065458737,2.3026260476059233,-0.1911872212876034,0.09840804514059866
-1.4155618868162165,-0.7852669065458737,-0.48343409165598145,-0.1911872212876034,0.2872489515761724
0.4261579568749807,0.6608968255828068,-0.4068413730508431,0.7695525841777412,-0.41775244652661836
-1.5757114384415378,0.6608968255828068,-0.7802308762508922,-1.151927026752948,-0.20520819848452374
0.2660084052496592,0.6608968255828068,-0.7227863372970385,0.7695525841777412,0.5237509851184089
-1.1753375593782343,-0.7852669065458737,-0.3972672832252009,-1.151927026752948,-0.6444770380280356
1.3069804908142488,2.1070605577114874,-0.023877780025151816,0.7695525841777412,-0.22371033364760787
-0.05429069800098377,2.1070605577114874,0.3973821723031086,-1.151927026752948,0.953486975224892
0.18593362943699845,0.6608968255828068,0.16760401648769382,-0.1911872212876034,-0.0038311353562020807
-0.935113231940252,-0.7852669065458737,-1.249361277707364,-1.151927026752948,0.21424257739377064
-1.0952627835655735,2.1070605577114874,-1.0483053913688762,-1.151927026752948,-0.5171679155816058
1.547204818252231,-0.7852669065458737,1.4122356938211904,-1.151927026752948,-0.8436944526140938
-0.05429069800098377,-0.7852669065458737,-1.2397871878817217,0.7695525841777412,-1.1329764091296786
0.2660084052496592,0.6608968255828068,0.9909757414929301,-0.1911872212876034,0.1798987442651272
0.8265318359382844,0.6608968255828068,0.713327136549304,0.7695525841777412,1.2695525662926326
-0.6148141286896089,0.6608968255828068,-1.115324020148372,-1.151927026752948,0.28515352532120786
0.10585885362433772,0.6608968255828068,0.8952348432365073,-0.1911872212876034,-1.1238516451541591
0.34608318106231994,0.6608968255828068,-0.5408786306098351,1.7302923896430857,2.0063953182754606
-0.6948889045022697,-0.7852669065458737,-0.5408786306098351,0.7695525841777412,-0.5155588896202385
1.1468309391889273,-0.7852669065458737,-0.8951199541585995,0.7695525841777412,0.2570984895522091
-0.05429069800098377,2.1070605577114874,0.3686599028261817,0.7695525841777412,1.6245665105689706
-0.3745898012516267,-0.7852669065458737,0.08143720805691326,-1.151927026752948,0.24574599284880969
-1.0952627835655735,0.6608968255828068,-0.2919522951431358,-1.151927026752948,-0.20752269223349554
-0.8550384561275912,-0.7852669065458737,-0.5217304509585505,-0.1911872212876034,-0.3825640886867767
1.1468309391889273,0.6608968255828068,-0.5983231695636888,0.7695525841777412,0.28199582551083796
-1.81593576587952,0.6608968255828068,-0.9334163134611686,-0.1911872212876034,1.5182982238275573
-1.0151880077529127,0.6608968255828068,0.023992669103059597,-1.151927026752948,1.1826153889253286
0.18593362943699845,0.6608968255828068,-0.06217413932772098,-0.1911872212876034,1.3954991163995858
-1.0952627835655735,2.1070605577114874,-1.0004349422406646,0.7695525841777412,0.47441791802269967
-0.6948889045022697,0.6608968255828068,0.023992669103059597,-1.151927026752948,-1.336364765349478
-0.5347393528769482,-0.7852669065458737,-0.2632300256662089,-0.1911872212876034,-0.2319607978084894
-1.255412335190895,0.6608968255828068,-0.9334163134611686,-1.151927026752948,-0.5635617023347629
0.9866813875636059,0.6608968255828068,2.3504964967341344,-0.1911872212876034,0.6144154624783194
-1.4155618868162165,-0.7852669065458737,-0.7323604271226808,-1.151927026752948,-0.32861844870567614
-1.0952627835655735,0.6608968255828068,-0.5217304509585505,-0.1911872212876034,-0.3909283127565591
0.2660084052496592,-0.7852669065458737,-0.9812867625893801,-0.1911872212876034,1.0953879151310022
-0.294515025438966,0.6608968255828068,-0.1866373070610707,-1.151927026752948,-0.6030215794294099
0.10585885362433772,-0.7852669065458737,-1.0100090320663069,0.7695525841777412,-0.7201065737537883
0.025784077811676978,0.6608968255828068,-0.9238422236355264,-1.151927026752948,0.8815002952723786
-0.6148141286896089,0.6608968255828068,-0.7036381576457539,-0.1911872212876034,0.22654070214359873
1.6272795940648919,-0.7852669065458737,-0.7036381576457539,0.7695525841777412,1.3089206403437872
-0.6148141286896089,0.6608968255828068,-0.0908964088046479,-0.1911872212876034,-0.8878053355824137
-1.6557862142541986,-0.7852669065458737,-1.0866017506714452,-0.1911872212876034,-0.4982329710046549
0.666382284312963,-0.7852669065458737,1.6420138496366055,-1.151927026752948,0.852171634207322
-0.21444024962630526,-0.7852669065458737,-0.4930081814816237,0.7695525841777412,0.11618226912941462
1.226905715001588,-0.7852669065458737,-0.4068413730508431,-0.1911872212876034,-0.30169347150248643
-1.6557862142541986,-0.7852669065458737,-0.7132122474713962,0.7695525841777412,0.9362230773478188
-1.0952627835655735,-0.7852669065458737,-0.9046940439842419,1.7302923896430857,6.176084830412855
-0.21444024962630526,0.6608968255828068,-0.5983231695636888,-0.1911872212876034,-0.08194718617851132
1.4671300424395703,-0.7852669065458737,0.014418579277417347,-0.1911872212876034,-0.30824855735463846
-1.3354871110035558,-0.7852669065458737,-1.1344721997996565,-0.1911872212876034,1.178741310237205
-0.3745898012516267,0.6608968255828068,0.5218453400364583,-1.151927026752948,0.8763642236113431
0.4261579568749807,0.6608968255828068,1.0675684600980684,-1.151927026752948,0.0690801417143271
1.4671300424395703,-0.7852669065458737,1.9483847240571583,1.7302923896430857,-0.0871814622510204
0.025784077811676978,-0.7852669065458737,0.19632628596462057,0.7695525841777412,-0.267317056286376
0.4261579568749807,-0.7852669065458737,-0.3398227442713472,1.7302923896430857,-0.8207901695655648
0.5062327326876415,0.6608968255828068,0.46440080108260456,-1.151927026752948,-0.19940699243648147
1.547204818252231,0.6608968255828068,0.44525262143132005,-1.151927026752948,-0.3048986688194396
0.9066066117509451,0.6608968255828068,2.1302924307443614,0.7695525841777412,-0.5588369990410437
1.4671300424395703,-0.7852669065458737,2.3696446763854184,-0.1911872212876034,-0.8139445326670308
0.8265318359382844,-0.7852669065458737,1.7377547478930282,-0.1911872212876034,-0.1924519127505338
1.226905715001588,-0.7852669065458737,1.364365244692979,0.7695525841777412,1.382595271144402
-0.21444024962630526,-0.7852669065458737,0.7611975856775155,-0.1911872212876034,0.7365342658491821
1.547204818252231,0.6608968255828068,3.0111086947034518,-1.151927026752948,-0.0017372360129327166
1.547204818252231,-0.7852669065458737,0.5218453400364583,-1.151927026752948,-0.46702663411842177
0.18593362943699845,-0.7852669065458737,-0.3876931933995586,1.7302923896430857,-0.35336324646891987
0.7464570601256236,-0.7852669065458737,0.23462264526718973,-0.1911872212876034,-0.9668886733634627
-1.4155618868162165,2.1070605577114874,-0.9142681338098841,-1.151927026752948,-0.01257744132946669
-0.05429069800098377,0.6608968255828068,-0.10047049863029014,-1.151927026752948,-0.5616019895358642
1.4671300424395703,2.1070605577114874,0.08143720805691326,0.7695525841777412,-0.20298539532641097
1.3870552666269096,0.6608968255828068,-0.3972672832252009,0.7695525841777412,-0.25180831815516747
1.6272795940648919,-0.7852669065458737,0.5505676095133849,0.7695525841777412,0.2427336813282753
-0.4546645770642875,2.1070605577114874,-1.0195831218919493,1.7302923896430857,1.3852259400089455
-0.21444024962630526,-0.7852669065458737,0.9335312025390763,-1.151927026752948,-0.15792284412183974
0.7464570601256236,-0.7852669065458737,0.9909757414929301,0.7695525841777412,-0.19699052927071986
-1.0151880077529127,-0.7852669065458737,-0.7227863372970385,-0.1911872212876034,-0.5176569146514678
1.3069804908142488,2.1070605577114874,0.5026971603851735,0.7695525841777412,-0.15412257092145748
-0.7749636803149305,0.6608968255828068,-1.1727685591022257,-1.151927026752948,-0.43855713392031764
-1.7358609900668593,-0.7852669065458737,-1.0195831218919493,-1.151927026752948,0.24326483770749996
1.1468309391889273,0.6608968255828068,-0.741934516948323,-0.1911872212876034,-0.08255075898092498
0.9066066117509451,-0.7852669065458737,1.9483847240571583,0.7695525841777412,0.18459556472391253
0.34608318106231994,0.6608968255828068,1.5462729513801825,0.7695525841777412,0.8413198808810879
-0.6148141286896089,-0.7852669065458737,-0.8089531457278191,-0.1911872212876034,-0.3836051676401433
-0.6148141286896089,2.1070605577114874,-0.8663976846816728,1.7302923896430857,0.040688916320990864
-1.255412335190895,2.1070605577114874,-0.23450775618928213,-0.1911872212876034,-0.24375834814114034
1.1468309391889273,0.6608968255828068,-0.6174713492149734,0.7695525841777412,-0.14698579692239436
1.1468309391889273,-0.7852669065458737,0.03356675892870185,-0.1911872212876034,-0.033100522045020966
-1.255412335190895,0.6608968255828068,-0.5217304509585505,1.7302923896430857,0.18165301541744328
0.5863075085003022,2.1070605577114874,1.287772526087841,1.7302923896430857,0.16609116119167272
1.0667561633762666,-0.7852669065458737,-0.0908964088046479,-0.1911872212876034,0.7532515190163734
-0.05429069800098377,-0.7852669065458737,-0.9429904032868109,1.7302923896430857,0.5486807000396886
1.3870552666269096,-0.7852669065458737,2.695163730457256,-0.1911872212876034,-0.4690385434598006
-1.0952627835655735,0.6608968255828068,-0.502582271307266,-1.151927026752948,0.014188856148438784
-1.0151880077529127,-0.7852669065458737,-0.6940640678201115,-1.151927026752948,-0.7668304434241807
0.2660084052496592,2.1070605577114874,-0.6174713492149734,0.7695525841777412,1.654299252291983
-0.05429069800098377,0.6608968255828068,0.9431052923647186,-1.151927026752948,-0.02230525148074742
0.7464570601256236,-0.7852669065458737,-0.46428591200469677,0.7695525841777412,-0.4648039533222318
-0.1343654738136445,2.1070605577114874,-0.20578548671235522,-1.151927026752948,-0.7447853955637033
-0.6948889045022697,-0.7852669065458737,-1.077027660845803,-0.1911872212876034,-0.7577742656102422
-1.5757114384415378,2.1070605577114874,-1.1919167387535103,-0.1911872212876034,-0.05860903781851675
1.226905715001588,0.6608968255828068,0.7229012263749461,1.7302923896430857,1.0534332594752598
1.547204818252231,-0.7852669065458737,1.6803102089391744,-0.1911872212876034,0.21210535847565876
-1.0952627835655735,-0.7852669065458737,-0.2919522951431358,-0.1911872212876034,-0.45292947840770287
-1.255412335190895,-0.7852669065458737,-1.2302130980560793,0.7695525841777412,-0.3828004372161067
0.5863075085003022,0.6608968255828068,0.14845583683640917,-1.151927026752948,-0.8734470783581805
0.34608318106231994,2.1070605577114874,-0.16748912740978605,0.7695525841777412,-0.5467418758058731
0.9066066117509451,-0.7852669065458737,0.17717810631333608,-0.1911872212876034,0.05054011892189454
-0.294515025438966,-0.7852669065458737,-1.2397871878817217,1.7302923896430857,0.6422954069577653
-1.255412335190895,-0.7852669065458737,-0.9046940439842419,-1.151927026752948,1.2392692959281912
0.666382284312963,-0.7852669065458737,1.259050256610914,1.7302923896430857,-0.2713079172919902
-1.6557862142541986,-0.7852669065458737,-0.8281013253791035,-1.151927026752948,0.48423710763001315
1.3870552666269096,0.6608968255828068,2.7430341795854676,-1.151927026752948,-0.8726703486204006
-1.0151880077529127,-0.7852669065458737,-0.11961867828157464,0.7695525841777412,0.023951348287359987
-0.8550384561275912,2.1070605577114874,-0.5121563611329083,0.7695525841777412,0.17399731594420167
1.226905715001588,-0.7852669065458737,-1.2014908285791526,1.7302923896430857,0.3156820207851697
-0.4546645770642875,2.1070605577114874,0.08143720805691326,-1.151927026752948,-0.7135309586482642
1.226905715001588,-0.7852669065458737,-0.023877780025151816,1.7302923896430857,-0.39251993273561825
-0.21444024962630526,0.6608968255828068,-0.05260004950207873,-1.151927026752948,-0.4798017816804093
-1.495636662628877,0.6608968255828068,-0.6366195288662579,-1.151927026752948,0.33117898391332234
0.5863075085003022,0.6608968255828068,1.766477017369955,0.7695525841777412,0.8983155064655094
-0.294515025438966,0.6608968255828068,0.8090680348057269,0.7695525841777412,0.10983612699357446
-0.4546645770642875,0.6608968255828068,-1.1344721997996565,-0.1911872212876034,-0.3320160504710956
1.226905715001588,-0.7852669065458737,1.632439759810963,0.7695525841777412,-0.30935844577938865
-1.6557862142541986,-0.7852669065458737,-1.2589353675330064,-1.151927026752948,0.07967675412369173
-1.255412335190895,0.6608968255828068,-0.7898049660765344,-1.151927026752948,-0.6432910704162754
-0.3745898012516267,-0.7852669065458737,0.14845583683640917,-0.1911872212876034,-0.7472741554819338
-1.0952627835655735,-0.7852669065458737,-0.34939683409698946,-0.1911872212876034,-0.22216108997213668
-0.6948889045022697,0.6608968255828068,0.13888174701076691,1.7302923896430857,1.7419839113671356
-0.935113231940252,-0.7852669065458737,-0.41641546287648534,-0.1911872212876034,0.1584625673873178
0.9066066117509451,-0.7852669065458737,-0.8951199541585995,-1.151927026752948,0.6658882634439234
0.666382284312963,0.6608968255828068,1.0867166397493528,-0.1911872212876034,-0.6645522352380121
1.4671300424395703,0.6608968255828068,1.0867166397493528,1.7302923896430857,0.90762742261267
0.8265318359382844,-0.7852669065458737,1.1441611787032067,-1.151927026752948,0.31435360168029336
1.3069804908142488,-0.7852669065458737,0.8760866635852228,0.7695525841777412,0.609054659072624
-1.81593576587952,0.6608968255828068,-0.9046940439842419,-0.1911872212876034,1.2015934196178362
-0.8550384561275912,-0.7852669065458737,-1.0387313015432338,-1.151927026752948,-0.8336526624248481
-1.3354871110035558,-0.7852669065458737,-0.6461936186919002,-1.151927026752948,-1.1477226279515969
-1.0151880077529127,0.6608968255828068,-0.6749158881688271,-1.151927026752948,-0.8370470140654599
-1.0151880077529127,-0.7852669065458737,-0.7993790559021766,-1.151927026752948,-0.4499226486765079
-0.8550384561275912,-0.7852669065458737,-0.9238422236355264,-0.1911872212876034,-0.5526732351753829
1.0667561633762666,-0.7852669065458737,1.9866810833597273,0.7695525841777412,-0.250274990533448
0.8265318359382844,2.1070605577114874,0.16760401648769382,-1.151927026752948,0.07097584533411483
-0.6948889045022697,-0.7852669065458737,-0.8951199541585995,1.7302923896430857,-0.08865355064977413
1.0667561633762666,0.6608968255828068,0.8090680348057269,-0.1911872212876034,-0.2783905932374584
-0.7749636803149305,0.6608968255828068,-0.6366195288662579,1.7302923896430857,1.3912610901459557
1.0667561633762666,0.6608968255828068,-0.20578548671235522,1.7302923896430857,-0.20461944683526262
0.18593362943699845,0.6608968255828068,-1.2397871878817217,-1.151927026752948,0.7824978290756875
0.34608318106231994,0.6608968255828068,0.6175862382928812,1.7302923896430857,1.2250395283491327
-0.4546645770642875,-0.7852669065458737,-0.10047049863029014,0.7695525841777412,-0.4919045192374367
-0.5347393528769482,-0.7852669065458737,0.18675219613897834,-1.151927026752948,-5.53741424246073
1.226905715001588,-0.7852669065458737,1.6994583885904588,-0.1911872212876034,-1.0053380588698286
0.8265318359382844,-0.7852669065458737,1.2111798074827027,1.7302923896430857,-0.10781815684114095
-0.935113231940252,-0.7852669065458737,-1.2014908285791526,0.7695525841777412,0.6317182186425081
0.5062327326876415,0.6608968255828068,0.6463085077698077,0.7695525841777412,0.9960876571585905
0.9066066117509451,0.6608968255828068,2.360070586559776,-1.151927026752948,-1.2466786525029934
-0.294515025438966,0.6608968255828068,0.7420494060262306,-0.1911872212876034,0.36942431400260234
0.18593362943699845,0.6608968255828068,-0.7706567864252499,-1.151927026752948,0.3387070787536369
0.10585885362433772,0.6608968255828068,-1.0674535710201607,-1.151927026752948,-1.497684246013316
-1.255412335190895,2.1070605577114874,-1.1536203794509412,-1.151927026752948,0.9096837103029696
-0.294515025438966,-0.7852669065458737,0.17717810631333608,-1.151927026752948,0.17477244578142898
0.34608318106231994,0.6608968255828068,-0.1579150375841438,-1.151927026752948,0.06482383572989898
0.7464570601256236,2.1070605577114874,1.9579588138828008,-1.151927026752948,0.7134772112782781
-0.21444024962630526,-0.7852669065458737,0.1580299266620516,-1.151927026752948,1.2989686176022106
0.8265318359382844,-0.7852669065458737,0.43567853160567765,-0.1911872212876034,-0.1110592673716679
-1.495636662628877,-0.7852669065458737,-1.0100090320663069,-0.1911872212876034,1.5611487995845645
1.4671300424395703,-0.7852669065458737,0.11015947753384017,0.7695525841777412,-0.0670891589019957
-0.935113231940252,2.1070605577114874,-0.2632300256662089,0.7695525841777412,-0.1781458952721475
-1.6557862142541986,2.1070605577114874,-1.0195831218919493,0.7695525841777412,-0.009497814921269113
-0.4546645770642875,-0.7852669065458737,-0.8855458643329572,-0.1911872212876034,0.12990662360088184
-1.81593576587952,0.6608968255828068,-1.1919167387535103,0.7695525841777412,-0.09945079744850727
-1.255412335190895,0.6608968255828068,-0.45471182217905454,0.7695525841777412,1.072073773312009
1.3069804908142488,0.6608968255828068,-0.9908608524150223,0.7695525841777412,0.1534291764928696
0.5062327326876415,0.6608968255828068,0.483548980733889,-0.1911872212876034,0.5528069742544994
-0.294515025438966,0.6608968255828068,-0.9717126727637379,-1.151927026752948,0.936526194994122
0.8265318359382844,0.6608968255828068,2.178162879872573,1.7302923896430857,0.4831579096279779
-0.21444024962630526,-0.7852669065458737,0.9431052923647186,0.7695525841777412,-0.010027586130364788
-0.3745898012516267,-0.7852669065458737,0.11015947753384017,-1.151927026752948,-0.2811305509951676
1.547204818252231,-0.7852669065458737,2.8292009880162485,1.7302923896430857,1.411305524857048
-0.4546645770642875,-0.7852669065458737,-0.2919522951431358,-0.1911872212876034,-0.40004794159679075
1.3069804908142488,-0.7852669065458737,1.019698010969857,-0.1911872212876034,-0.3949529406537326
0.025784077811676978,0.6608968255828068,0.17717810631333608,1.7302923896430857,1.4019796295383504
1.4671300424395703,-0.7852669065458737,-1.2302130980560793,-0.1911872212876034,0.3895910217520994
0.4261579568749807,0.6608968255828068,0.9143830228877917,-0.1911872212876034,0.4206844788364053
0.8265318359382844,-0.7852669065458737,-0.9429904032868109,-1.151927026752948,-0.39892724497607435
-0.1343654738136445,0.6608968255828068,-0.7610826965996076,-1.151927026752948,-0.6414319860518947
-1.5757114384415378,0.6608968255828068,-1.2397871878817217,-0.1911872212876034,0.562871164663017
-0.05429069800098377,2.1070605577114874,-0.8663976846816728,-1.151927026752948,-0.7062796290611544
-0.5347393528769482,-0.7852669065458737,-1.2302130980560793,-0.1911872212876034,1.1423594615714743
1.6272795940648919,-0.7852669065458737,2.360070586559776,-1.151927026752948,-0.8573726553608088
-0.294515025438966,-0.7852669065458737,-0.1770632172354283,1.7302923896430857,-0.2156765761384802
1.226905715001588,-0.7852669065458737,0.8856607534108648,-0.1911872212876034,0.9183645957020464
-1.1753375593782343,0.6608968255828068,-1.1344721997996565,-1.151927026752948,-0.5727426598714219
-0.3745898012516267,0.6608968255828068,-1.115324020148372,0.7695525841777412,-0.6629041576385031
-0.21444024962630526,-0.7852669065458737,-1.2397871878817217,-1.151927026752948,-1.4208474868243484
1.547204818252231,-0.7852669065458737,-0.5217304509585505,-0.1911872212876034,-0.4972903305689838
1.547204818252231,0.6608968255828068,1.3356429752160524,-1.151927026752948,0.13403186309519563
1.6272795940648919,0.6608968255828068,1.1728834481801333,0.7695525841777412,0.2662143136246825
-0.5347393528769482,-0.7852669065458737,0.062289028405628756,0.7695525841777412,1.289565551909325
0.8265318359382844,-0.7852669065458737,1.8622179156263778,1.7302923896430857,0.9784614662037737
-1.3354871110035558,-0.7852669065458737,-1.077027660845803,-0.1911872212876034,-0.37862019146255754
-1.5757114384415378,-0.7852669065458737,-0.875971774507315,-1.151927026752948,-0.34967345579294684
-1.81593576587952,-0.7852669065458737,-0.8855458643329572,-0.1911872212876034,0.05576891450433952
0.34608318106231994,-0.7852669065458737,0.21547446561590525,1.7302923896430857,-5.554979948565201
-0.5347393528769482,-0.7852669065458737,-0.37811910357391637,-0.1911872212876034,-0.3289313217194504
0.9866813875636059,-0.7852669065458737,-0.05260004950207873,0.7695525841777412,0.5246112896977475
0.8265318359382844,-0.7852669065458737,-0.03345186985079406,1.7302923896430857,0.1454187012323794
0.2660084052496592,-0.7852669065458737,-0.5887490797380465,-1.151927026752948,0.7362728180168305
0.4261579568749807,2.1070605577114874,0.014418579277417347,0.7695525841777412,0.10630127906803057
0.18593362943699845,-0.7852669065458737,-0.5313045407841929,-1.151927026752948,-0.6983919949542842
-0.21444024962630526,-0.7852669065458737,-0.41641546287648534,-0.1911872212876034,0.004725960011343087
1.3069804908142488,0.6608968255828068,1.5079765920776131,-1.151927026752948,-0.6378039606213017
0.9066066117509451,2.1070605577114874,0.5697157891646698,1.7302923896430857,-0.572964444452076
-0.8550384561275912,0.6608968255828068,-0.8281013253791035,-1.151927026752948,-1.1138641743723299
0.8265318359382844,2.1070605577114874,-1.1344721997996565,1.7302923896430857,0.9292788485844661
0.9866813875636059,-0.7852669065458737,0.8856607534108648,-1.151927026752948,-0.9502491375300987
1.3870552666269096,-0.7852669065458737,0.9335312025390763,-0.1911872212876034,1.0740690959198864
1.547204818252231,-0.7852669065458737,0.42610444178003554,0.7695525841777412,0.5943469938835257
0.34608318106231994,0.6608968255828068,0.33036354352361275,0.7695525841777412,0.8095295518273593
-1.0952627835655735,0.6608968255828068,-0.5600268102611197,-1.151927026752948,-0.7160436146848888
0.666382284312963,-0.7852669065458737,1.9579588138828008,1.7302923896430857,1.0385720603896231
0.2660084052496592,0.6608968255828068,1.1728834481801333,0.7695525841777412,0.5412435664525358
0.7464570601256236,0.6608968255828068,-0.7036381576457539,1.7302923896430857,0.5614258618665483
-1.81593576587952,0.6608968255828068,-0.9525644931124533,0.7695525841777412,-0.8676095767060018
-0.7749636803149305,-0.7852669065458737,-0.1579150375841438,0.7695525841777412,0.4999419542162137
0.666382284312963,0.6608968255828068,0.3590858130005393,-0.1911872212876034,1.1091233565883558
0.34608318106231994,-0.7852669065458737,0.21547446561590525,-1.151927026752948,-0.6148085898025822
1.547204818252231,-0.7852669065458737,-0.5504527204354773,1.7302923896430857,0.7181475624499946
0.666382284312963,0.6608968255828068,-0.014303690199509568,0.7695525841777412,0.4768648665575484
1.3870552666269096,-0.7852669065458737,1.766477017369955,1.7302923896430857,0.602638499047996
0.5062327326876415,-0.7852669065458737,0.8665125737595804,-0.1911872212876034,-0.5034236026593167
1.0667561633762666,-0.7852669065458737,0.8665125737595804,-1.151927026752948,-0.3560549612704615
0.8265318359382844,0.6608968255828068,2.101570161267435,-1.151927026752948,-0.19809372003466366
1.3870552666269096,0.6608968255828068,-0.5983231695636888,0.7695525841777412,0.5866522948600145
0.9066066117509451,-0.7852669065458737,-0.9142681338098841,1.7302923896430857,0.08575689615623848
0.025784077811676978,-0.7852669065458737,0.9143830228877917,-0.1911872212876034,0.6393979467843454
1.6272795940648919,-0.7852669065458737,2.2547555984777117,0.7695525841777412,-0.7022921869870129
0.8265318359382844,0.6608968255828068,1.6132915801596786,-1.151927026752948,-1.5927033233488266
0.025784077811676978,-0.7852669065458737,-0.3589709239226317,1.7302923896430857,0.08473236372157893
0.34608318106231994,0.6608968255828068,-0.5313045407841929,-1.151927026752948,0.34959416604238563
-0.4546645770642875,2.1070605577114874,-1.0674535710201607,-1.151927026752948,-0.3744385164899884
0.5062327326876415,-0.7852669065458737,1.8909401851033045,0.7695525841777412,-0.31141368780389356
-0.1343654738136445,-0.7852669065458737,-0.4259895527021278,-0.1911872212876034,-1.0040523245723394
0.18593362943699845,-0.7852669065458737,-1.2589353675330064,-0.1911872212876034,-0.4662772440334678
-0.294515025438966,-0.7852669065458737,-0.6653417983431847,-0.1911872212876034,0.4181703020680676
0.5863075085003022,2.1070605577114874,1.153735268528849,-0.1911872212876034,-1.218614625358125
1.3069804908142488,-0.7852669065458737,-0.3398227442713472,0.7695525841777412,0.7231998339202211
0.5062327326876415,-0.7852669065458737,-0.2632300256662089,-1.151927026752948,0.7538605095887766
-1.255412335190895,-0.7852669065458737,-0.5217304509585505,-0.1911872212876034,0.8522061178008411
0.10585885362433772,-0.7852669065458737,0.2824930943954013,-1.151927026752948,-0.4380133622501225
1.1468309391889273,-0.7852669065458737,1.7951992868468816,0.7695525841777412,-0.9939388870673814
0.9066066117509451,0.6608968255828068,-0.7227863372970385,-1.151927026752948,-1.6069483311795636
-1.81593576587952,-0.7852669065458737,-1.0866017506714452,-0.1911872212876034,-0.5924161403071199
0.5062327326876415,-0.7852669065458737,0.014418579277417347,1.7302923896430857,1.129729083723322
-1.5757114384415378,-0.7852669065458737,-0.7323604271226808,-1.151927026752948,-0.09444438820354067
0.34608318106231994,-0.7852669065458737,-0.45471182217905454,0.7695525841777412,-0.6802294659775057
1.3870552666269096,0.6608968255828068,2.8292009880162485,0.7695525841777412,-0.0523434097196124
0.7464570601256236,-0.7852669065458737,1.125012999051922,1.7302923896430857,0.5913515040547835
1.547204818252231,0.6608968255828068,1.6803102089391744,-1.151927026752948,1.2093244590505494
-1.4155618868162165,0.6608968255828068,-0.6749158881688271,-0.1911872212876034,-1.4204337039826493
-0.294515025438966,-0.7852669065458737,0.244196735092832,1.7302923896430857,1.7629841767841898
-0.7749636803149305,-0.7852669065458737,-0.014303690199509568,-0.1911872212876034,-0.5259762289241685
-1.1753375593782343,-0.7852669065458737,-0.5217304509585505,-1.151927026752948,0.2611943163751058
0.34608318106231994,0.6608968255828068,0.6846048670723771,-0.1911872212876034,-0.5446259774154036
0.5863075085003022,-0.7852669065458737,0.26334491474411664,-1.151927026752948,0.3053981014080005
0.025784077811676978,-0.7852669065458737,-0.05260004950207873,0.7695525841777412,-0.82826142964378
-1.4155618868162165,0.6608968255828068,-0.7706567864252499,0.7695525841777412,-0.09588742244723292
1.6272795940648919,-0.7852669065458737,0.818642124631369,-0.1911872212876034,-0.664968262150075
-0.1343654738136445,-0.7852669065458737,-0.43556364252777,-0.1911872212876034,-0.8596096002071721
-1.0151880077529127,-0.7852669065458737,0.04314084875434409,-1.151927026752948,0.7155971544543662
-1.1753375593782343,0.6608968255828068,-1.1536203794509412,0.7695525841777412,0.9462213900630586
-0.4546645770642875,0.6608968255828068,0.3590858130005393,-0.1911872212876034,-0.30723273021512215
1.547204818252231,-0.7852669065458737,-0.7323604271226808,0.7695525841777412,-0.2620698183928284
-0.3745898012516267,-0.7852669065458737,-0.2536559358405666,-1.151927026752948,1.2894827147609544
0.7464570601256236,0.6608968255828068,-1.115324020148372,-0.1911872212876034,0.1533464016080557
1.547204818252231,0.6608968255828068,2.8483491676675325,1.7302923896430857,0.4999419542162137
1.3069804908142488,0.6608968255828068,-0.41641546287648534,1.7302923896430857,0.1380096988072782
-1.0151880077529127,-0.7852669065458737,-0.3589709239226317,-1.151927026752948,-0.6687941639221551
0.7464570601256236,0.6608968255828068,0.9526793821903611,-0.1911872212876034,-0.08818035623739186
1.1468309391889273,2.1070605577114874,0.5505676095133849,-1.151927026752948,1.2483272703411792
0.8265318359382844,0.6608968255828068,0.37823399265182417,1.7302923896430857,1.0955684810757604
1.0667561633762666,2.1070605577114874,-0.6749158881688271,0.7695525841777412,0.8156373664185662
-1.81593576587952,2.1070605577114874,-1.0578794811945185,-0.1911872212876034,-0.563040595353838
0.5062327326876415,0.6608968255828068,0.751623495851873,0.7695525841777412,0.5824484719910054
-0.4546645770642875,-0.7852669065458737,-0.31110047479442027,0.7695525841777412,0.3360253713948905
-1.5757114384415378,-0.7852669065458737,-0.7898049660765344,1.7302923896430857,-0.020512471908511902
-0.6948889045022697,2.1070605577114874,-1.0961758404970876,-1.151927026752948,0.6735403261948998
-1.3354871110035558,-0.7852669065458737,-1.0100090320663069,-0.1911872212876034,-0.6633947506202099
-0.7749636803149305,-0.7852669065458737,0.10058538770819775,-1.151927026752948,-0.041278369145572265
-1.0952627835655735,-0.7852669065458737,-1.0578794811945185,-1.151927026752948,0.31241708502839105
0.9066066117509451,-0.7852669065458737,1.5175506819032556,-0.1911872212876034,0.9203808219578787
-1.3354871110035558,2.1070605577114874,-1.1727685591022257,-0.1911872212876034,0.08010844754286615
-1.495636662628877,-0.7852669065458737,-0.9525644931124533,-0.1911872212876034,-0.3904555968604879
0.025784077811676978,2.1070605577114874,-0.7610826965996076,0.7695525841777412,0.38151111291171097
1.1468309391889273,-0.7852669065458737,0.46440080108260456,1.7302923896430857,4.3093285632028495
-1.495636662628877,-0.7852669065458737,-0.5983231695636888,-0.1911872212876034,-0.20325693650806645
-0.21444024962630526,-0.7852669065458737,0.5505676095133849,0.7695525841777412,-0.6786439375035818
1.3870552666269096,-0.7852669065458737,1.603717490334036,0.7695525841777412,0.784083665619245
0.9066066117509451,-0.7852669065458737,1.527124771728898,0.7695525841777412,0.8519613408173369
-1.6557862142541986,-0.7852669065458737,-1.1536203794509412,-1.151927026752948,0.9094919311886656
-1.1753375593782343,-0.7852669065458737,-1.2589353675330064,-1.151927026752948,-1.2199005700195877
0.2660084052496592,0.6608968255828068,-1.0961758404970876,-0.1911872212876034,0.09100656648259321
0.4261579568749807,-0.7852669065458737,1.4984025022519711,0.7695525841777412,-0.042705016888871204
0.2660084052496592,0.6608968255828068,-1.249361277707364,0.7695525841777412,0.7203458295149117
1.226905715001588,0.6608968255828068,1.2303279871339872,-1.151927026752948,-1.3791734618088662
1.4671300424395703,0.6608968255828068,-0.502582271307266,0.7695525841777412,0.12111987667031662
-0.5347393528769482,-0.7852669065458737,-0.7515086067739654,-1.151927026752948,0.6134631918223233
0.8265318359382844,-0.7852669065458737,1.1633093583544913,-1.151927026752948,-0.045011781246475854
-0.294515025438966,2.1070605577114874,-0.7993790559021766,0.7695525841777412,-0.65258514896913
0.18593362943699845,0.6608968255828068,-0.9334163134611686,0.7695525841777412,-0.8355217386899757
-0.935113231940252,0.6608968255828068,-0.2536559358405666,-0.1911872212876034,-0.44637457453193596
0.025784077811676978,-0.7852669065458737,0.3399376333492548,-0.1911872212876034,-0.3874154240151421
0.025784077811676978,-0.7852669065458737,1.2494761667852716,-0.1911872212876034,0.34667570133484077
1.1468309391889273,0.6608968255828068,2.5036819339444105,0.7695525841777412,-0.15791438900466767
0.5062327326876415,-0.7852669065458737,1.4313838734724753,-0.1911872212876034,-0.6695077774616911
-0.1343654738136445,2.1070605577114874,-1.220639008230437,0.7695525841777412,0.9066243335316536
0.5062327326876415,0.6608968255828068,-0.2249336663636397,0.7695525841777412,0.8437278308802464
-1.0952627835655735,-0.7852669065458737,-0.6940640678201115,-0.1911872212876034,-0.6282992234265893
0.7464570601256236,0.6608968255828068,-0.4738600018303392,0.7695525841777412,0.49142868602953715
1.4671300424395703,0.6608968255828068,-0.5504527204354773,-0.1911872212876034,-0.675150636269231
-1.3354871110035558,-0.7852669065458737,-1.1057499303227298,-1.151927026752948,-1.380498850648232
0.10585885362433772,-0.7852669065458737,0.9718275618416455,0.7695525841777412,-0.01507863570504726
0.025784077811676978,-0.7852669065458737,0.8090680348057269,-1.151927026752948,0.24279681619505653
-1.7358609900668593,0.6608968255828068,-1.0195831218919493,-1.151927026752948,0.21548718355895213
0.9866813875636059,-0.7852669065458737,-0.21535957653799748,-1.151927026752948,-0.5526947152935238
-1.255412335190895,-0.7852669065458737,-0.5887490797380465,-0.1911872212876034,-0.4508387840600656
-0.7749636803149305,-0.7852669065458737,-0.20578548671235522,-1.151927026752948,-0.3847788072987862
-0.5347393528769482,2.1070605577114874,-0.16748912740978605,0.7695525841777412,0.7321981859323501
1.0667561633762666,0.6608968255828068,1.0675684600980684,0.7695525841777412,0.4324339761056739
-0.5347393528769482,2.1070605577114874,-0.1291927681072169,-0.1911872212876034,-0.26664197076528484
-0.6148141286896089,-0.7852669065458737,-1.1248981099740143,0.7695525841777412,1.6867475180890177
0.666382284312963,0.6608968255828068,0.8473643941082959,-1.151927026752948,-1.5092208218194292
0.10585885362433772,-0.7852669065458737,0.3495117231748972,-1.151927026752948,-0.35723695769371605
1.1468309391889273,-0.7852669065458737,-0.6078972593893311,-0.1911872212876034,-0.19955314948279768
-1.6557862142541986,-0.7852669065458737,-1.1248981099740143,-1.151927026752948,0.19775154570511594
-0.7749636803149305,0.6608968255828068,0.205900375790263,-1.151927026752948,0.7546158334880342
-1.1753375593782343,-0.7852669065458737,-0.9525644931124533,1.7302923896430857,0.5324542447939514
1.6272795940648919,-0.7852669065458737,2.953664155749598,-1.151927026752948,-1.3827268048935462
-1.1753375593782343,-0.7852669065458737,-0.33024865444570495,-1.151927026752948,-1.075235866545069
0.025784077811676978,-0.7852669065458737,-0.11961867828157464,-1.151927026752948,-0.6919394983982153
-1.6557862142541986,-0.7852669065458737,-1.182342648927868,-1.151927026752948,-0.600509458274976
0.9866813875636059,0.6608968255828068,0.3399376333492548,1.7302923896430857,0.471510938714976
0.9066066117509451,-0.7852669065458737,2.245181508652069,-0.1911872212876034,0.14447978520447075
1.226905715001588,-0.7852669065458737,-1.1248981099740143,1.7302923896430857,0.1243799854241586
0.7464570601256236,-0.7852669065458737,-0.33024865444570495,-0.1911872212876034,-0.2289545150047203
1.0667561633762666,-0.7852669065458737,0.9048089330621497,-0.1911872212876034,-1.1034622886187706
-0.1343654738136445,0.6608968255828068,-0.1387668579328593,0.7695525841777412,-0.6867685879448463
-1.5757114384415378,-0.7852669065458737,-1.249361277707364,-0.1911872212876034,-0.8638442040145424
0.4261579568749807,-0.7852669065458737,0.37823399265182417,1.7302923896430857,0.5607284438944847
0.2660084052496592,0.6608968255828068,-0.05260004950207873,0.7695525841777412,-0.06728113666266775
-1.255412335190895,-0.7852669065458737,-0.7610826965996076,1.7302923896430857,0.18190968736378185
1.6272795940648919,0.6608968255828068,-0.9525644931124533,1.7302923896430857,1.2941423807748216
1.6272795940648919,-0.7852669065458737,-0.3876931933995586,-1.151927026752948,0.1368565097361592
-0.935113231940252,0.6608968255828068,-0.9525644931124533,-1.151927026752948,-0.34915103247863377
-1.1753375593782343,-0.7852669065458737,-0.44513773235341225,-1.151927026752948,-0.7908379486989489
0.025784077811676978,-0.7852669065458737,-0.1387668579328593,1.7302923896430857,-0.41475321057226866
-1.6557862142541986,0.6608968255828068,-0.6940640678201115,-1.151927026752948,-0.9382040018145585
-1.6557862142541986,0.6608968255828068,-0.8568235948560304,-1.151927026752948,0.31355037991539997
0.18593362943699845,0.6608968255828068,0.1580299266620516,-1.151927026752948,0.7054992270050092
1.3870552666269096,-0.7852669065458737,2.618571011852118,0.7695525841777412,0.756662335012436
-1.3354871110035558,0.6608968255828068,-1.1057499303227298,-1.151927026752948,4.984615546008329
0.2660084052496592,2.1070605577114874,-0.30152638496877804,-1.151927026752948,-0.2837011671737922
-0.05429069800098377,0.6608968255828068,-0.014303690199509568,-0.1911872212876034,-1.1212050796700956
1.6272795940648919,-0.7852669065458737,0.6080121484672388,0.7695525841777412,0.7799595874095093
0.666382284312963,-0.7852669065458737,0.10058538770819775,-0.1911872212876034,-0.9966988767864764
-0.6948889045022697,-0.7852669065458737,-0.5504527204354773,0.7695525841777412,-0.4208576884497368
-0.294515025438966,2.1070605577114874,0.6750307772467347,-1.151927026752948,-0.4363136308766689
0.9066066117509451,-0.7852669065458737,-0.1291927681072169,0.7695525841777412,0.9223729882345248
0.2660084052496592,-0.7852669065458737,-0.741934516948323,0.7695525841777412,1.4638388719961601
-0.3745898012516267,0.6608968255828068,-0.46428591200469677,-1.151927026752948,-0.9119508312049105
-1.7358609900668593,-0.7852669065458737,-1.077027660845803,0.7695525841777412,0.6434441091297214
-0.1343654738136445,-0.7852669065458737,0.5697157891646698,-1.151927026752948,-0.91203164008686
1.0667561633762666,-0.7852669065458737,1.9866810833597273,-0.1911872212876034,-0.24850576635454097
1.3870552666269096,0.6608968255828068,2.7909046287136787,0.7695525841777412,-0.19747102056048446
0.7464570601256236,-0.7852669065458737,0.7803457653288,1.7302923896430857,0.2739945136592502
-1.5757114384415378,-0.7852669065458737,-0.6270454390406157,-0.1911872212876034,-0.11457356486817627
-0.4546645770642875,0.6608968255828068,0.512271250210816,0.7695525841777412,0.811605786986475
1.0667561633762666,-0.7852669065458737,0.483548980733889,-1.151927026752948,-0.011735794698865215
0.9066066117509451,0.6608968255828068,-1.0866017506714452,-1.151927026752948,-0.775316045518995
1.4671300424395703,-0.7852669065458737,1.8430697359750932,0.7695525841777412,0.38514760303597717
0.10585885362433772,-0.7852669065458737,-0.6366195288662579,-1.151927026752948,-0.8689889978932219
1.226905715001588,-0.7852669065458737,-0.1387668579328593,0.7695525841777412,0.3985497531015415
-0.7749636803149305,-0.7852669065458737,-0.8663976846816728,-0.1911872212876034,0.15779924697416017
0.2660084052496592,-0.7852669065458737,-1.0674535710201607,-1.151927026752948,0.24542561913231778
-1.0952627835655735,0.6608968255828068,-0.6940640678201115,-1.151927026752948,0.284163878907799
-0.05429069800098377,-0.7852669065458737,0.47397489090824696,-0.1911872212876034,-1.3269101238205867
-1.0952627835655735,0.6608968255828068,-1.1248981099740143,-0.1911872212876034,0.42325669361902646
-0.21444024962630526,-0.7852669065458737,0.21547446561590525,1.7302923896430857,0.6621507773659823
1.3870552666269096,-0.7852669065458737,-0.05260004950207873,-1.151927026752948,0.16810440339285906
1.226905715001588,-0.7852669065458737,2.5419782932469803,-0.1911872212876034,-0.4862193134633892
-1.4155618868162165,0.6608968255828068,-1.2302130980560793,-0.1911872212876034,-0.5299754012545539
0.34608318106231994,-0.7852669065458737,0.023992669103059597,-0.1911872212876034,-0.6280012683085935
-1.255412335190895,0.6608968255828068,-0.48343409165598145,-1.151927026752948,-0.43287716894541284
0.5863075085003022,-0.7852669065458737,-1.115324020148372,-0.1911872212876034,-0.33827512893520695
0.18593362943699845,0.6608968255828068,-0.32067456462006255,-1.151927026752948,0.026954186464082087
0.025784077811676978,-0.7852669065458737,0.3207894536979703,-1.151927026752948,0.23193295684160026
1.0667561633762666,-0.7852669065458737,1.0101239211442146,-1.151927026752948,-0.4524474240793542
-0.3745898012516267,-0.7852669065458737,-1.1248981099740143,-0.1911872212876034,-0.11669509595894767
-0.294515025438966,-0.7852669065458737,-0.2536559358405666,0.7695525841777412,0.27005837695537127
-1.0151880077529127,0.6608968255828068,-1.0866017506714452,-1.151927026752948,0.4605011780393064
0.2660084052496592,0.6608968255828068,0.818642124631369,-0.1911872212876034,0.43293780374597063
-1.3354871110035558,0.6608968255828068,-0.9525644931124533,-1.151927026752948,0.19386729443960635
1.4671300424395703,-0.7852669065458737,1.5845693106827514,-1.151927026752948,0.1843994319799267
1.6272795940648919,2.1070605577114874,0.205900375790263,-1.151927026752948,-0.8673502113207756
-1.5757114384415378,0.6608968255828068,-1.2397871878817217,-1.151927026752948,0.33943182476432227
0.5863075085003022,-0.7852669065458737,-0.9812867625893801,-1.151927026752948,-0.33146065303080413
0.9066066117509451,2.1070605577114874,-0.8951199541585995,-1.151927026752948,0.25239204335050386
-1.81593576587952,2.1070605577114874,-0.9334163134611686,-1.151927026752948,1.2744659965043732
-1.495636662628877,-0.7852669065458737,-1.1248981099740143,0.7695525841777412,0.6187664877520573
-0.5347393528769482,-0.7852669065458737,-0.07174822915336322,-1.151927026752948,0.3445386540130024
1.547204818252231,2.1070605577114874,-1.115324020148372,1.7302923896430857,1.138295545425731
-1.81593576587952,-0.7852669065458737,-1.1919167387535103,-0.1911872212876034,-0.15492948827537295
0.025784077811676978,2.1070605577114874,-1.220639008230437,-1.151927026752948,-1.0443335350291045
0.7464570601256236,-0.7852669065458737,-0.5696009000867619,0.7695525841777412,0.3059336457182551
-0.4546645770642875,-0.7852669065458737,0.42610444178003554,-1.151927026752948,-0.6085574843213591
-1.6557862142541986,-0.7852669065458737,-1.1919167387535103,-1.151927026752948,-1.393494085765742
-1.495636662628877,-0.7852669065458737,-0.9046940439842419,-0.1911872212876034,-0.04309373248421868
1.226905715001588,0.6608968255828068,1.3069207057391254,1.7302923896430857,0.720475345678295
-1.4155618868162165,-0.7852669065458737,-0.875971774507315,-0.1911872212876034,0.4323946580646839
-0.6148141286896089,-0.7852669065458737,0.21547446561590525,0.7695525841777412,-0.9765499692662626
-0.8550384561275912,-0.7852669065458737,-0.6749158881688271,0.7695525841777412,0.12705600874455983
0.7464570601256236,0.6608968255828068,-0.1387668579328593,1.7302923896430857,1.715191984236918
-1.0952627835655735,0.6608968255828068,-1.077027660845803,1.7302923896430857,0.943542699436375
-0.7749636803149305,-0.7852669065458737,0.11973356735948242,-1.151927026752948,-0.5539129253057901
1.4671300424395703,-0.7852669065458737,1.7569029275443127,-0.1911872212876034,-0.5711942406210069
0.8265318359382844,0.6608968255828068,0.071863118231271,1.7302923896430857,-0.24283720729376412
-0.6148141286896089,-0.7852669065458737,-0.1291927681072169,-1.151927026752948,-0.3848381162849632
1.3870552666269096,-0.7852669065458737,1.2781984362621985,-0.1911872212876034,-0.5502484494096641
-0.5347393528769482,-0.7852669065458737,-0.3589709239226317,-1.151927026752948,-0.9131443162306256
-1.7358609900668593,2.1070605577114874,-0.8472495050303881,-1.151927026752948,0.20515115286455038
-0.6948889045022697,-0.7852669065458737,-0.1291927681072169,-1.151927026752948,5.956004652543634
-0.05429069800098377,0.6608968255828068,-0.7132122474713962,-0.1911872212876034,-1.200017807457478
0.2660084052496592,-0.7852669065458737,1.2207538973083447,0.7695525841777412,-0.8968674537846807
1.3069804908142488,0.6608968255828068,0.9814016516672877,0.7695525841777412,-1.038811268938289
-1.6557862142541986,2.1070605577114874,-1.220639008230437,-0.1911872212876034,0.2162517940006358
0.8265318359382844,-0.7852669065458737,1.2303279871339872,-1.151927026752948,-1.2646479711625063
-1.6557862142541986,-0.7852669065458737,-0.8281013253791035,-1.151927026752948,0.35283387400953564
1.547204818252231,0.6608968255828068,0.2250485554415475,0.7695525841777412,0.6635500978796832
1.0667561633762666,-0.7852669065458737,1.938810634231516,1.7302923896430857,0.19724807017953835
-0.1343654738136445,-0.7852669065458737,0.08143720805691326,-1.151927026752948,0.45991378316987747
0.7464570601256236,0.6608968255828068,0.2537708249184744,-0.1911872212876034,-0.5611820950561756
-1.6557862142541986,-0.7852669065458737,-0.8855458643329572,1.7302923896430857,1.38908104559538
-0.7749636803149305,0.6608968255828068,-0.5983231695636888,-1.151927026752948,-1.256801801077406
1.1468309391889273,-0.7852669065458737,2.2068851493495,-0.1911872212876034,-0.4639750343545823
-0.6148141286896089,-0.7852669065458737,0.014418579277417347,0.7695525841777412,0.09356847751514646
-1.0952627835655735,-0.7852669065458737,-0.23450775618928213,-1.151927026752948,-0.9670076983451878
0.2660084052496592,0.6608968255828068,-0.9908608524150223,-0.1911872212876034,-0.9233063573793102
-1.255412335190895,0.6608968255828068,-0.8951199541585995,-0.1911872212876034,-0.5442465730909721
-0.05429069800098377,-0.7852669065458737,0.23462264526718973,-0.1911872212876034,0.4721121122919352
-1.1753375593782343,0.6608968255828068,-0.4259895527021278,-0.1911872212876034,-1.1374598268138043
0.9066066117509451,0.6608968255828068,0.713327136549304,-0.1911872212876034,0.3970911790192988
0.8265318359382844,0.6608968255828068,2.0728478917905075,-1.151927026752948,-1.6223334182559244
1.1468309391889273,0.6608968255828068,1.3452170650416944,1.7302923896430857,0.5826169280583163
0.8265318359382844,2.1070605577114874,-0.32067456462006255,-1.151927026752948,3.456884196155349
0.5062327326876415,0.6608968255828068,0.3399376333492548,-0.1911872212876034,-0.23134308826527927
0.10585885362433772,2.1070605577114874,1.2111798074827027,1.7302923896430857,-5.605080928982551
0.5062327326876415,-0.7852669065458737,0.33036354352361275,-0.1911872212876034,-0.5957706171495852
-1.1753375593782343,-0.7852669065458737,-1.1631944692765834,0.7695525841777412,0.15567544316401208
1.0667561633762666,-0.7852669065458737,0.16760401648769382,0.7695525841777412,0.18195619137097097
-0.5347393528769482,-0.7852669065458737,-0.9046940439842419,-0.1911872212876034,-0.4795168068875393
1.6272795940648919,-0.7852669065458737,1.938810634231516,-0.1911872212876034,-0.8257238273905121
-0.294515025438966,-0.7852669065458737,-0.03345186985079406,0.7695525841777412,0.5611247069749443
0.9866813875636059,-0.7852669065458737,-0.4738600018303392,0.7695525841777412,-0.2880235923088208
1.1468309391889273,0.6608968255828068,-1.0866017506714452,-1.151927026752948,-0.7700201809300754
0.8265318359382844,2.1070605577114874,1.6132915801596786,-0.1911872212876034,-0.21090245377315003
-1.6557862142541986,-0.7852669065458737,-0.8951199541585995,-1.151927026752948,0.1456936494340334
-0.5347393528769482,-0.7852669065458737,-0.9717126727637379,-1.151927026752948,-0.5646071529859352
0.025784077811676978,-0.7852669065458737,-1.220639008230437,-1.151927026752948,-0.6260607551137874
-1.0151880077529127,-0.7852669065458737,-0.44513773235341225,-1.151927026752948,-0.14044298713238354
-1.255412335190895,0.6608968255828068,-1.0195831218919493,0.7695525841777412,-0.3660891424614452
1.226905715001588,0.6608968255828068,0.8856607534108648,0.7695525841777412,1.2991525712140561
-0.294515025438966,-0.7852669065458737,-0.8855458643329572,0.7695525841777412,-1.2395237358311113
0.34608318106231994,0.6608968255828068,1.6898842987648168,0.7695525841777412,0.9120766667855292
-0.05429069800098377,0.6608968255828068,0.789919855154442,0.7695525841777412,0.7393147681743799
0.7464570601256236,0.6608968255828068,0.46440080108260456,-1.151927026752948,0.253121943847125
-0.3745898012516267,2.1070605577114874,-0.9717126727637379,-1.151927026752948,-1.1436701122673807
-0.6148141286896089,2.1070605577114874,-1.0866017506714452,-1.151927026752948,-0.5151415838195064
1.3069804908142488,2.1070605577114874,2.455811484816199,-1.151927026752948,-0.08704493872130876
-1.0952627835655735,-0.7852669065458737,-0.9334163134611686,-0.1911872212876034,0.18258163463241053
-1.0952627835655735,2.1070605577114874,-1.0004349422406646,-1.151927026752948,1.1454587351182868
-0.3745898012516267,2.1070605577114874,-0.7898049660765344,1.7302923896430857,0.4435258104894914
-0.8550384561275912,2.1070605577114874,-0.6940640678201115,-1.151927026752948,-1.4991722503037677
-0.05429069800098377,0.6608968255828068,0.7229012263749461,1.7302923896430857,-0.17396686356469968
1.6272795940648919,-0.7852669065458737,-0.3398227442713472,-0.1911872212876034,0.004366918073532087
1.3069804908142488,-0.7852669065458737,-0.8951199541585995,0.7695525841777412,0.5271005554692204
1.1468309391889273,-0.7852669065458737,2.1111442510930774,0.7695525841777412,1.3468312181970918
1.226905715001588,-0.7852669065458737,-0.1579150375841438,0.7695525841777412,0.417360894942957
1.226905715001588,2.1070605577114874,-0.8855458643329572,-1.151927026752948,-1.6184750222215727
1.0667561633762666,0.6608968255828068,1.9483847240571583,-0.1911872212876034,-0.3509500541173961
-1.81593576587952,0.6608968255828068,-0.9621385829380955,-1.151927026752948,0.3381394843013909
1.547204818252231,-0.7852669065458737,0.205900375790263,-0.1911872212876034,1.2811648660235837
0.8265318359382844,0.6608968255828068,1.6994583885904588,0.7695525841777412,-0.11104512031042633
-0.05429069800098377,-0.7852669065458737,0.2250485554415475,1.7302923896430857,-0.40790428417315805
1.4671300424395703,0.6608968255828068,0.26334491474411664,-1.151927026752948,0.45808671191903744
1.1468309391889273,2.1070605577114874,1.32606888539041,-1.151927026752948,0.4180813506986858
0.9866813875636059,0.6608968255828068,-0.8951199541585995,1.7302923896430857,0.1014239795071603
-0.935113231940252,0.6608968255828068,-0.5504527204354773,0.7695525841777412,-1.0276147740864534
-1.4155618868162165,2.1070605577114874,-0.5983231695636888,1.7302923896430857,0.3253266425105497
-0.5347393528769482,-0.7852669065458737,0.04314084875434409,0.7695525841777412,0.9332622674812524
-1.81593576587952,-0.7852669065458737,-1.1919167387535103,1.7302923896430857,0.5720637155376156
1.547204818252231,-0.7852669065458737,0.41653035195439314,-0.1911872212876034,-0.02230525148074742
-0.294515025438966,-0.7852669065458737,-0.8472495050303881,-0.1911872212876034,0.6504734272468501
0.18593362943699845,-0.7852669065458737,1.1154389092262798,0.7695525841777412,1.669270072455711
-0.3745898012516267,-0.7852669065458737,-0.741934516948323,-1.151927026752948,0.26933070002229254
1.0667561633762666,-0.7852669065458737,2.407941035687988,0.7695525841777412,-0.30284330459985903
-1.6557862142541986,-0.7852669065458737,-1.1536203794509412,-0.1911872212876034,-0.4382614126256795
-0.3745898012516267,0.6608968255828068,-1.0195831218919493,-0.1911872212876034,-0.6884293696759335
-0.294515025438966,-0.7852669065458737,0.8377903042826534,0.7695525841777412,-1.166947196311582
0.5863075085003022,0.6608968255828068,1.8430697359750932,1.7302923896430857,0.06225994814877461
-0.7749636803149305,2.1070605577114874,-0.07174822915336322,-1.151927026752948,-1.2834115316837222
0.8265318359382844,-0.7852669065458737,-1.0674535710201607,0.7695525841777412,-0.7578431353135312
0.7464570601256236,-0.7852669065458737,0.9239571127134342,-0.1911872212876034,1.0974272902612936
-0.1343654738136445,-0.7852669065458737,0.3399376333492548,-1.151927026752948,0.25149325533267547
-1.3354871110035558,0.6608968255828068,-0.9908608524150223,-1.151927026752948,-0.8183402503885526
1.1468309391889273,-0.7852669065458737,2.5994228322008333,0.7695525841777412,0.4615667025362564
1.6272795940648919,2.1070605577114874,2.5802746525495492,0.7695525841777412,-0.10803710731510148
1.547204818252231,-0.7852669065458737,0.512271250210816,-1.151927026752948,-0.03151401679569379
-1.0952627835655735,-0.7852669065458737,-1.0674535710201607,0.7695525841777412,0.4238896819467485
0.5062327326876415,0.6608968255828068,-0.014303690199509568,0.7695525841777412,0.29787247011608686
0.10585885362433772,0.6608968255828068,-0.1387668579328593,1.7302923896430857,1.9765722199555307
-1.0952627835655735,0.6608968255828068,-0.1866373070610707,-1.151927026752948,0.20326467653358113
0.5062327326876415,-0.7852669065458737,1.4696802327750442,1.7302923896430857,0.3423752336478669
0.2660084052496592,2.1070605577114874,-0.9429904032868109,-0.1911872212876034,0.6672031405787009
-0.3745898012516267,2.1070605577114874,-0.8855458643329572,-1.151927026752948,-0.15605604325147654
1.4671300424395703,-0.7852669065458737,-0.03345186985079406,0.7695525841777412,-5.476321978474159
-1.1753375593782343,0.6608968255828068,-0.6653417983431847,0.7695525841777412,-0.45382334291553234
-0.1343654738136445,2.1070605577114874,-0.2823782053174935,0.7695525841777412,-3.4266652328335367
0.2660084052496592,0.6608968255828068,-0.6270454390406157,-1.151927026752948,0.13155858476677423
-1.255412335190895,0.6608968255828068,-0.6270454390406157,-1.151927026752948,0.5031816917085303
-0.3745898012516267,-0.7852669065458737,-0.5217304509585505,0.7695525841777412,-0.16331175807636233
-1.3354871110035558,-0.7852669065458737,-1.2110649184047948,-0.1911872212876034,6.355492069786657
0.18593362943699845,-0.7852669065458737,0.071863118231271,-1.151927026752948,0.3244585007800148
-0.6148141286896089,-0.7852669065458737,-0.6078972593893311,0.7695525841777412,0.15061798550570363
-1.255412335190895,-0.7852669065458737,-0.8089531457278191,-1.151927026752948,-1.2097017894953541
-0.05429069800098377,-0.7852669065458737,0.6941789568980192,-1.151927026752948,1.2840564643771997
-0.21444024962630526,-0.7852669065458737,0.6558825975954502,-0.1911872212876034,-0.5711330802340838
-0.6148141286896089,-0.7852669065458737,-0.23450775618928213,1.7302923896430857,1.5518815701697577
0.5863075085003022,0.6608968255828068,1.1345870888775642,0.7695525841777412,-0.13645738133188337
0.4261579568749807,-0.7852669065458737,-0.11961867828157464,0.7695525841777412,0.34625078742028687
1.547204818252231,-0.7852669065458737,2.2356074188264268,0.7695525841777412,-1.0095417928929071
0.2660084052496592,-0.7852669065458737,0.38780808247746623,-0.1911872212876034,1.413662586433671
-1.0952627835655735,-0.7852669065458737,-0.2632300256662089,-0.1911872212876034,-0.930740924280296
-0.294515025438966,-0.7852669065458737,-0.8855458643329572,-1.151927026752948,-1.0053952837864784
-0.4546645770642875,-0.7852669065458737,0.5697157891646698,0.7695525841777412,0.2567872636774351
-0.6148141286896089,-0.7852669065458737,-0.46428591200469677,-1.151927026752948,-0.07688035133719671
-1.255412335190895,-0.7852669065458737,-0.6366195288662579,0.7695525841777412,-0.9799430701198468
-0.21444024962630526,-0.7852669065458737,-1.0195831218919493,-0.1911872212876034,-0.29655192658654705
1.0667561633762666,-0.7852669065458737,1.5845693106827514,1.7302923896430857,1.9840814564679627
-0.05429069800098377,0.6608968255828068,1.0675684600980684,0.7695525841777412,0.3141748084686448
-1.7358609900668593,0.6608968255828068,-1.0866017506714452,0.7695525841777412,0.4051042983797057
0.7464570601256236,0.6608968255828068,0.9048089330621497,-1.151927026752948,-1.023501443614132
0.34608318106231994,0.6608968255828068,0.0910112978825555,-1.151927026752948,-0.8169955933751545
0.5863075085003022,0.6608968255828068,0.6271603281185233,-1.151927026752948,-0.41610830208866006
0.34608318106231994,2.1070605577114874,0.8282162144570113,-0.1911872212876034,0.2585574234954944
1.4671300424395703,0.6608968255828068,-1.1727685591022257,-1.151927026752948,-0.5538276750669798
-1.1753375593782343,-0.7852669065458737,-0.8376754152047459,-0.1911872212876034,-0.49827758475878386
0.7464570601256236,-0.7852669065458737,-0.8663976846816728,-0.1911872212876034,1.3675410552070975
-0.5347393528769482,0.6608968255828068,-0.5791749899124042,-0.1911872212876034,0.43082254069825465
-1.4155618868162165,2.1070605577114874,-0.8185272355534613,0.7695525841777412,-0.3693491390592837
-0.935113231940252,-0.7852669065458737,-0.3876931933995586,0.7695525841777412,-0.6546493707720136
-0.3745898012516267,-0.7852669065458737,-0.5600268102611197,-0.1911872212876034,-0.0005229796780858263
0.7464570601256236,0.6608968255828068,1.9771069935340848,-0.1911872212876034,0.26911364459823
-1.0151880077529127,-0.7852669065458737,-0.21535957653799748,1.7302923896430857,0.31217426688516664
0.34608318106231994,0.6608968255828068,-1.0195831218919493,-0.1911872212876034,0.1608271818231112
0.2660084052496592,0.6608968255828068,1.1824575380057758,-1.151927026752948,-1.4487398770199342
-0.6148141286896089,0.6608968255828068,-0.6749158881688271,0.7695525841777412,0.5423674120811467
-0.7749636803149305,0.6608968255828068,-1.0387313015432338,0.7695525841777412,1.0007029366641553
-0.05429069800098377,0.6608968255828068,0.3590858130005393,-1.151927026752948,-0.04636101287986469
1.0667561633762666,-0.7852669065458737,0.3590858130005393,1.7302923896430857,1.0799466516002802
1.3069804908142488,-0.7852669065458737,1.3164947955647675,0.7695525841777412,-0.6869438013568321
-0.3745898012516267,-0.7852669065458737,0.7803457653288,-1.151927026752948,0.715434530498
1.6272795940648919,0.6608968255828068,-0.9046940439842419,1.7302923896430857,0.7553272548419007
-1.3354871110035558,0.6608968255828068,-0.5408786306098351,-0.1911872212876034,0.3340679487266142
0.7464570601256236,2.1070605577114874,-0.46428591200469677,-0.1911872212876034,0.25490813864500395
0.025784077811676978,0.6608968255828068,0.9048089330621497,0.7695525841777412,-4.2769059121619275
-0.6948889045022697,-0.7852669065458737,-1.0291572117175916,-1.151927026752948,-0.28153128436080604
-1.255412335190895,0.6608968255828068,-1.0387313015432338,-1.151927026752948,-0.7282371462496438
-1.4155618868162165,0.6608968255828068,-0.8472495050303881,-0.1911872212876034,-0.4854076675413593
1.547204818252231,0.6608968255828068,2.436663305164915,1.7302923896430857,0.6537128315578031
0.8265318359382844,-0.7852669065458737,1.9483847240571583,0.7695525841777412,-0.847410833275848
0.7464570601256236,-0.7852669065458737,-1.0961758404970876,-1.151927026752948,-0.12486525224808384
0.5062327326876415,-0.7852669065458737,0.3207894536979703,-0.1911872212876034,0.5316650652291673
1.0667561633762666,2.1070605577114874,0.19632628596462057,0.7695525841777412,0.32785541619732783
1.0667561633762666,0.6608968255828068,0.33036354352361275,0.7695525841777412,-0.3029409722618617
1.547204818252231,0.6608968255828068,-0.05260004950207873,0.7695525841777412,0.7142619364639944
0.2660084052496592,0.6608968255828068,1.5749952208571094,0.7695525841777412,-0.044412285589306
0.2660084052496592,-0.7852669065458737,1.393087514169906,-0.1911872212876034,-0.6880117924563307
-0.5347393528769482,-0.7852669065458737,-0.741934516948323,-0.1911872212876034,0.49834417209506643
-0.5347393528769482,-0.7852669065458737,-0.5600268102611197,-1.151927026752948,-0.5635617023347629
0.18593362943699845,-0.7852669065458737,0.2537708249184744,0.7695525841777412,-0.4297914260548027
0.5062327326876415,0.6608968255828068,-0.14834094775850157,-0.1911872212876034,-0.6404555610438324
0.2660084052496592,0.6608968255828068,-0.19621139688671296,-0.1911872212876034,0.8329993546244862
-0.3745898012516267,0.6608968255828068,-0.7706567864252499,0.7695525841777412,-0.5047519542585736
-0.8550384561275912,-0.7852669065458737,-0.9812867625893801,0.7695525841777412,0.4481865196339201
-0.4546645770642875,0.6608968255828068,-0.1770632172354283,-1.151927026752948,0.029674077037303768
-1.0952627835655735,2.1070605577114874,-0.34939683409698946,1.7302923896430857,0.882068909788361
-1.6557862142541986,-0.7852669065458737,-0.8568235948560304,-0.1911872212876034,0.1486476528411365
0.34608318106231994,-0.7852669065458737,-0.368545013748274,-1.151927026752948,-1.3468238845379987
-0.21444024962630526,-0.7852669065458737,-1.1248981099740143,-0.1911872212876034,-0.8616662874106191
-1.0952627835655735,2.1070605577114874,-0.2632300256662089,-1.151927026752948,-0.8435534193060468
0.7464570601256236,2.1070605577114874,0.30164127404668584,-0.1911872212876034,0.05201959573525003
-1.0151880077529127,-0.7852669065458737,-0.7993790559021766,-1.151927026752948,-0.3239504061152703
-0.8550384561275912,-0.7852669065458737,0.17717810631333608,-1.151927026752948,-0.6658511488444848
-1.3354871110035558,-0.7852669065458737,-0.8376754152047459,-1.151927026752948,0.739056992643224
1.3069804908142488,0.6608968255828068,0.0910112978825555,1.7302923896430857,0.9735822392414056
0.9866813875636059,2.1070605577114874,-0.48343409165598145,1.7302923896430857,0.406559477372207
-0.7749636803149305,0.6608968255828068,-0.9429904032868109,0.7695525841777412,0.5009081087608402
-1.495636662628877,-0.7852669065458737,-0.9717126727637379,-1.151927026752948,0.4551000312847163
-0.294515025438966,0.6608968255828068,0.3399376333492548,1.7302923896430857,1.258758917042568
-0.05429069800098377,2.1070605577114874,0.3495117231748972,-1.151927026752948,0.9824730819669082
-0.3745898012516267,0.6608968255828068,0.2729190045697589,1.7302923896430857,0.2593348265019588
-1.6557862142541986,-0.7852669065458737,-1.249361277707364,-1.151927026752948,-0.6366770202737669
-1.7358609900668593,-0.7852669065458737,-1.220639008230437,-1.151927026752948,0.2780260718589807
1.1468309391889273,-0.7852669065458737,-0.6366195288662579,-1.151927026752948,0.25924385543920614
1.226905715001588,0.6608968255828068,2.5898487423751915,-0.1911872212876034,1.327107751634429
-1.0952627835655735,-0.7852669065458737,-0.4930081814816237,-0.1911872212876034,-0.6218008562903756
